file_name,abs_path,category,is_violation,split
compliant_general_000345.jpg,/Users/vijay/462/Project/ad_safety_pipeline/raw/compliant_general/compliant_general_000345.jpg,compliant_general,0,train
compliant_beverages_000059.jpg,/Users/vijay/462/Project/ad_safety_pipeline/raw/compliant_beverages/compliant_beverages_000059.jpg,compliant_beverages,0,train
compliant_general_000614.jpg,/Users/vijay/462/Project/ad_safety_pipeline/raw/compliant_general/compliant_general_000614.jpg,compliant_general,0,train
compliant_cutlery_000032.jpg,/Users/vijay/462/Project/ad_safety_pipeline/raw/compliant_cutlery/compliant_cutlery_000032.jpg,compliant_cutlery,0,train
compliant_cutlery_000049.jpg,/Users/vijay/462/Project/ad_safety_pipeline/raw/compliant_cutlery/compliant_cutlery_000049.jpg,compliant_cutlery,0,train
compliant_general_000987.jpg,/Users/vijay/462/Project/ad_safety_pipeline/raw/compliant_general/compliant_general_000987.jpg,compliant_general,0,train
compliant_general_000531.jpg,/Users/vijay/462/Project/ad_safety_pipeline/raw/compliant_general/compliant_general_000531.jpg,compliant_general,0,train
compliant_beverages_000040.jpg,/Users/vijay/462/Project/ad_safety_pipeline/raw/compliant_beverages/compliant_beverages_000040.jpg,compliant_beverages,0,train
compliant_general_000989.jpg,/Users/vijay/462/Project/ad_safety_pipeline/raw/compliant_general/compliant_general_000989.jpg,compliant_general,0,train
compliant_beverages_000071.jpg,/Users/vijay/462/Project/ad_safety_pipeline/raw/compliant_beverages/compliant_beverages_000071.jpg,compliant_beverages,0,train
compliant_general_000468.jpg,/Users/vijay/462/Project/ad_safety_pipeline/raw/compliant_general/compliant_general_000468.jpg,compliant_general,0,train
compliant_general_000135.jpg,/Users/vijay/462/Project/ad_safety_pipeline/raw/compliant_general/compliant_general_000135.jpg,compliant_general,0,train
compliant_general_000130.jpg,/Users/vijay/462/Project/ad_safety_pipeline/raw/compliant_general/compliant_general_000130.jpg,compliant_general,0,train
compliant_general_000342.jpg,/Users/vijay/462/Project/ad_safety_pipeline/raw/compliant_general/compliant_general_000342.jpg,compliant_general,0,train
compliant_general_000348.jpg,/Users/vijay/462/Project/ad_safety_pipeline/raw/compliant_general/compliant_general_000348.jpg,compliant_general,0,train
compliant_general_000183.jpg,/Users/vijay/462/Project/ad_safety_pipeline/raw/compliant_general/compliant_general_000183.jpg,compliant_general,0,train
compliant_general_000259.jpg,/Users/vijay/462/Project/ad_safety_pipeline/raw/compliant_general/compliant_general_000259.jpg,compliant_general,0,train
alcohol_tobacco_000143.jpg,/Users/vijay/462/Project/ad_safety_pipeline/raw/alcohol_tobacco/alcohol_tobacco_000143.jpg,alcohol_tobacco,1,train
compliant_general_000596.jpg,/Users/vijay/462/Project/ad_safety_pipeline/raw/compliant_general/compliant_general_000596.jpg,compliant_general,0,train
compliant_general_000827.jpg,/Users/vijay/462/Project/ad_safety_pipeline/raw/compliant_general/compliant_general_000827.jpg,compliant_general,0,train
compliant_general_000205.jpg,/Users/vijay/462/Project/ad_safety_pipeline/raw/compliant_general/compliant_general_000205.jpg,compliant_general,0,train
compliant_general_000343.jpg,/Users/vijay/462/Project/ad_safety_pipeline/raw/compliant_general/compliant_general_000343.jpg,compliant_general,0,train
compliant_beverages_000074.jpg,/Users/vijay/462/Project/ad_safety_pipeline/raw/compliant_beverages/compliant_beverages_000074.jpg,compliant_beverages,0,train
compliant_general_000587.jpg,/Users/vijay/462/Project/ad_safety_pipeline/raw/compliant_general/compliant_general_000587.jpg,compliant_general,0,train
weapon_000086.jpg,/Users/vijay/462/Project/ad_safety_pipeline/raw/weapon/weapon_000086.jpg,weapon,1,train
compliant_general_000921.jpg,/Users/vijay/462/Project/ad_safety_pipeline/raw/compliant_general/compliant_general_000921.jpg,compliant_general,0,train
alcohol_tobacco_000154.jpg,/Users/vijay/462/Project/ad_safety_pipeline/raw/alcohol_tobacco/alcohol_tobacco_000154.jpg,alcohol_tobacco,1,train
alcohol_tobacco_000176.jpg,/Users/vijay/462/Project/ad_safety_pipeline/raw/alcohol_tobacco/alcohol_tobacco_000176.jpg,alcohol_tobacco,1,train
compliant_general_000983.jpg,/Users/vijay/462/Project/ad_safety_pipeline/raw/compliant_general/compliant_general_000983.jpg,compliant_general,0,train
compliant_beverages_000057.jpg,/Users/vijay/462/Project/ad_safety_pipeline/raw/compliant_beverages/compliant_beverages_000057.jpg,compliant_beverages,0,train
compliant_general_000667.jpg,/Users/vijay/462/Project/ad_safety_pipeline/raw/compliant_general/compliant_general_000667.jpg,compliant_general,0,train
compliant_general_000075.jpg,/Users/vijay/462/Project/ad_safety_pipeline/raw/compliant_general/compliant_general_000075.jpg,compliant_general,0,train
compliant_beverages_000051.jpg,/Users/vijay/462/Project/ad_safety_pipeline/raw/compliant_beverages/compliant_beverages_000051.jpg,compliant_beverages,0,train
compliant_general_000470.jpg,/Users/vijay/462/Project/ad_safety_pipeline/raw/compliant_general/compliant_general_000470.jpg,compliant_general,0,train
alcohol_tobacco_000110.jpg,/Users/vijay/462/Project/ad_safety_pipeline/raw/alcohol_tobacco/alcohol_tobacco_000110.jpg,alcohol_tobacco,1,train
alcohol_tobacco_000002.jpg,/Users/vijay/462/Project/ad_safety_pipeline/raw/alcohol_tobacco/alcohol_tobacco_000002.jpg,alcohol_tobacco,1,train
compliant_general_000074.jpg,/Users/vijay/462/Project/ad_safety_pipeline/raw/compliant_general/compliant_general_000074.jpg,compliant_general,0,train
compliant_general_000480.jpg,/Users/vijay/462/Project/ad_safety_pipeline/raw/compliant_general/compliant_general_000480.jpg,compliant_general,0,train
alcohol_tobacco_000063.jpg,/Users/vijay/462/Project/ad_safety_pipeline/raw/alcohol_tobacco/alcohol_tobacco_000063.jpg,alcohol_tobacco,1,train
compliant_general_000721.jpg,/Users/vijay/462/Project/ad_safety_pipeline/raw/compliant_general/compliant_general_000721.jpg,compliant_general,0,train
compliant_beverages_000000.jpg,/Users/vijay/462/Project/ad_safety_pipeline/raw/compliant_beverages/compliant_beverages_000000.jpg,compliant_beverages,0,train
compliant_general_000677.jpg,/Users/vijay/462/Project/ad_safety_pipeline/raw/compliant_general/compliant_general_000677.jpg,compliant_general,0,train
compliant_general_000514.jpg,/Users/vijay/462/Project/ad_safety_pipeline/raw/compliant_general/compliant_general_000514.jpg,compliant_general,0,train
compliant_general_000680.jpg,/Users/vijay/462/Project/ad_safety_pipeline/raw/compliant_general/compliant_general_000680.jpg,compliant_general,0,train
alcohol_tobacco_000174.jpg,/Users/vijay/462/Project/ad_safety_pipeline/raw/alcohol_tobacco/alcohol_tobacco_000174.jpg,alcohol_tobacco,1,train
compliant_general_000369.jpg,/Users/vijay/462/Project/ad_safety_pipeline/raw/compliant_general/compliant_general_000369.jpg,compliant_general,0,train
compliant_beverages_000017.jpg,/Users/vijay/462/Project/ad_safety_pipeline/raw/compliant_beverages/compliant_beverages_000017.jpg,compliant_beverages,0,train
compliant_general_000697.jpg,/Users/vijay/462/Project/ad_safety_pipeline/raw/compliant_general/compliant_general_000697.jpg,compliant_general,0,train
weapon_000031.jpg,/Users/vijay/462/Project/ad_safety_pipeline/raw/weapon/weapon_000031.jpg,weapon,1,train
compliant_general_000056.jpg,/Users/vijay/462/Project/ad_safety_pipeline/raw/compliant_general/compliant_general_000056.jpg,compliant_general,0,train
alcohol_tobacco_000099.jpg,/Users/vijay/462/Project/ad_safety_pipeline/raw/alcohol_tobacco/alcohol_tobacco_000099.jpg,alcohol_tobacco,1,train
compliant_general_000471.jpg,/Users/vijay/462/Project/ad_safety_pipeline/raw/compliant_general/compliant_general_000471.jpg,compliant_general,0,train
compliant_general_000004.jpg,/Users/vijay/462/Project/ad_safety_pipeline/raw/compliant_general/compliant_general_000004.jpg,compliant_general,0,train
compliant_general_000311.jpg,/Users/vijay/462/Project/ad_safety_pipeline/raw/compliant_general/compliant_general_000311.jpg,compliant_general,0,train
compliant_general_000366.jpg,/Users/vijay/462/Project/ad_safety_pipeline/raw/compliant_general/compliant_general_000366.jpg,compliant_general,0,train
compliant_general_000434.jpg,/Users/vijay/462/Project/ad_safety_pipeline/raw/compliant_general/compliant_general_000434.jpg,compliant_general,0,train
compliant_general_000497.jpg,/Users/vijay/462/Project/ad_safety_pipeline/raw/compliant_general/compliant_general_000497.jpg,compliant_general,0,train
alcohol_tobacco_000077.jpg,/Users/vijay/462/Project/ad_safety_pipeline/raw/alcohol_tobacco/alcohol_tobacco_000077.jpg,alcohol_tobacco,1,train
compliant_general_000747.jpg,/Users/vijay/462/Project/ad_safety_pipeline/raw/compliant_general/compliant_general_000747.jpg,compliant_general,0,train
compliant_general_000477.jpg,/Users/vijay/462/Project/ad_safety_pipeline/raw/compliant_general/compliant_general_000477.jpg,compliant_general,0,train
compliant_beverages_000131.jpg,/Users/vijay/462/Project/ad_safety_pipeline/raw/compliant_beverages/compliant_beverages_000131.jpg,compliant_beverages,0,train
compliant_general_000748.jpg,/Users/vijay/462/Project/ad_safety_pipeline/raw/compliant_general/compliant_general_000748.jpg,compliant_general,0,train
compliant_general_000552.jpg,/Users/vijay/462/Project/ad_safety_pipeline/raw/compliant_general/compliant_general_000552.jpg,compliant_general,0,train
compliant_general_000403.jpg,/Users/vijay/462/Project/ad_safety_pipeline/raw/compliant_general/compliant_general_000403.jpg,compliant_general,0,train
weapon_000083.jpg,/Users/vijay/462/Project/ad_safety_pipeline/raw/weapon/weapon_000083.jpg,weapon,1,train
compliant_general_000173.jpg,/Users/vijay/462/Project/ad_safety_pipeline/raw/compliant_general/compliant_general_000173.jpg,compliant_general,0,train
weapon_000048.jpg,/Users/vijay/462/Project/ad_safety_pipeline/raw/weapon/weapon_000048.jpg,weapon,1,train
alcohol_tobacco_000044.jpg,/Users/vijay/462/Project/ad_safety_pipeline/raw/alcohol_tobacco/alcohol_tobacco_000044.jpg,alcohol_tobacco,1,train
compliant_general_000320.jpg,/Users/vijay/462/Project/ad_safety_pipeline/raw/compliant_general/compliant_general_000320.jpg,compliant_general,0,train
compliant_general_000642.jpg,/Users/vijay/462/Project/ad_safety_pipeline/raw/compliant_general/compliant_general_000642.jpg,compliant_general,0,train
compliant_general_000743.jpg,/Users/vijay/462/Project/ad_safety_pipeline/raw/compliant_general/compliant_general_000743.jpg,compliant_general,0,train
compliant_general_000559.jpg,/Users/vijay/462/Project/ad_safety_pipeline/raw/compliant_general/compliant_general_000559.jpg,compliant_general,0,train
compliant_general_000978.jpg,/Users/vijay/462/Project/ad_safety_pipeline/raw/compliant_general/compliant_general_000978.jpg,compliant_general,0,train
compliant_general_000729.jpg,/Users/vijay/462/Project/ad_safety_pipeline/raw/compliant_general/compliant_general_000729.jpg,compliant_general,0,train
compliant_general_000980.jpg,/Users/vijay/462/Project/ad_safety_pipeline/raw/compliant_general/compliant_general_000980.jpg,compliant_general,0,train
compliant_general_000447.jpg,/Users/vijay/462/Project/ad_safety_pipeline/raw/compliant_general/compliant_general_000447.jpg,compliant_general,0,train
alcohol_tobacco_000068.jpg,/Users/vijay/462/Project/ad_safety_pipeline/raw/alcohol_tobacco/alcohol_tobacco_000068.jpg,alcohol_tobacco,1,train
compliant_general_000994.jpg,/Users/vijay/462/Project/ad_safety_pipeline/raw/compliant_general/compliant_general_000994.jpg,compliant_general,0,train
compliant_general_000746.jpg,/Users/vijay/462/Project/ad_safety_pipeline/raw/compliant_general/compliant_general_000746.jpg,compliant_general,0,train
compliant_general_000489.jpg,/Users/vijay/462/Project/ad_safety_pipeline/raw/compliant_general/compliant_general_000489.jpg,compliant_general,0,train
compliant_general_000018.jpg,/Users/vijay/462/Project/ad_safety_pipeline/raw/compliant_general/compliant_general_000018.jpg,compliant_general,0,train
compliant_general_000323.jpg,/Users/vijay/462/Project/ad_safety_pipeline/raw/compliant_general/compliant_general_000323.jpg,compliant_general,0,train
compliant_beverages_000009.jpg,/Users/vijay/462/Project/ad_safety_pipeline/raw/compliant_beverages/compliant_beverages_000009.jpg,compliant_beverages,0,train
compliant_general_000678.jpg,/Users/vijay/462/Project/ad_safety_pipeline/raw/compliant_general/compliant_general_000678.jpg,compliant_general,0,train
compliant_general_000847.jpg,/Users/vijay/462/Project/ad_safety_pipeline/raw/compliant_general/compliant_general_000847.jpg,compliant_general,0,train
compliant_cutlery_000056.jpg,/Users/vijay/462/Project/ad_safety_pipeline/raw/compliant_cutlery/compliant_cutlery_000056.jpg,compliant_cutlery,0,train
compliant_general_000567.jpg,/Users/vijay/462/Project/ad_safety_pipeline/raw/compliant_general/compliant_general_000567.jpg,compliant_general,0,train
compliant_general_000419.jpg,/Users/vijay/462/Project/ad_safety_pipeline/raw/compliant_general/compliant_general_000419.jpg,compliant_general,0,train
compliant_general_000556.jpg,/Users/vijay/462/Project/ad_safety_pipeline/raw/compliant_general/compliant_general_000556.jpg,compliant_general,0,train
compliant_general_000671.jpg,/Users/vijay/462/Project/ad_safety_pipeline/raw/compliant_general/compliant_general_000671.jpg,compliant_general,0,train
compliant_general_000070.jpg,/Users/vijay/462/Project/ad_safety_pipeline/raw/compliant_general/compliant_general_000070.jpg,compliant_general,0,train
compliant_general_000133.jpg,/Users/vijay/462/Project/ad_safety_pipeline/raw/compliant_general/compliant_general_000133.jpg,compliant_general,0,train
alcohol_tobacco_000132.jpg,/Users/vijay/462/Project/ad_safety_pipeline/raw/alcohol_tobacco/alcohol_tobacco_000132.jpg,alcohol_tobacco,1,train
compliant_general_000306.jpg,/Users/vijay/462/Project/ad_safety_pipeline/raw/compliant_general/compliant_general_000306.jpg,compliant_general,0,train
compliant_general_000663.jpg,/Users/vijay/462/Project/ad_safety_pipeline/raw/compliant_general/compliant_general_000663.jpg,compliant_general,0,train
compliant_general_000266.jpg,/Users/vijay/462/Project/ad_safety_pipeline/raw/compliant_general/compliant_general_000266.jpg,compliant_general,0,train
compliant_general_000392.jpg,/Users/vijay/462/Project/ad_safety_pipeline/raw/compliant_general/compliant_general_000392.jpg,compliant_general,0,train
compliant_general_000919.jpg,/Users/vijay/462/Project/ad_safety_pipeline/raw/compliant_general/compliant_general_000919.jpg,compliant_general,0,train
compliant_general_000920.jpg,/Users/vijay/462/Project/ad_safety_pipeline/raw/compliant_general/compliant_general_000920.jpg,compliant_general,0,train
compliant_general_000048.jpg,/Users/vijay/462/Project/ad_safety_pipeline/raw/compliant_general/compliant_general_000048.jpg,compliant_general,0,train
compliant_cutlery_000018.jpg,/Users/vijay/462/Project/ad_safety_pipeline/raw/compliant_cutlery/compliant_cutlery_000018.jpg,compliant_cutlery,0,train
compliant_general_000695.jpg,/Users/vijay/462/Project/ad_safety_pipeline/raw/compliant_general/compliant_general_000695.jpg,compliant_general,0,train
compliant_beverages_000044.jpg,/Users/vijay/462/Project/ad_safety_pipeline/raw/compliant_beverages/compliant_beverages_000044.jpg,compliant_beverages,0,train
compliant_beverages_000016.jpg,/Users/vijay/462/Project/ad_safety_pipeline/raw/compliant_beverages/compliant_beverages_000016.jpg,compliant_beverages,0,train
weapon_000054.jpg,/Users/vijay/462/Project/ad_safety_pipeline/raw/weapon/weapon_000054.jpg,weapon,1,train
compliant_general_000058.jpg,/Users/vijay/462/Project/ad_safety_pipeline/raw/compliant_general/compliant_general_000058.jpg,compliant_general,0,train
compliant_general_000071.jpg,/Users/vijay/462/Project/ad_safety_pipeline/raw/compliant_general/compliant_general_000071.jpg,compliant_general,0,train
compliant_cutlery_000022.jpg,/Users/vijay/462/Project/ad_safety_pipeline/raw/compliant_cutlery/compliant_cutlery_000022.jpg,compliant_cutlery,0,train
compliant_general_000536.jpg,/Users/vijay/462/Project/ad_safety_pipeline/raw/compliant_general/compliant_general_000536.jpg,compliant_general,0,train
weapon_000109.jpg,/Users/vijay/462/Project/ad_safety_pipeline/raw/weapon/weapon_000109.jpg,weapon,1,train
compliant_general_000103.jpg,/Users/vijay/462/Project/ad_safety_pipeline/raw/compliant_general/compliant_general_000103.jpg,compliant_general,0,train
compliant_general_000845.jpg,/Users/vijay/462/Project/ad_safety_pipeline/raw/compliant_general/compliant_general_000845.jpg,compliant_general,0,train
weapon_000100.jpg,/Users/vijay/462/Project/ad_safety_pipeline/raw/weapon/weapon_000100.jpg,weapon,1,train
compliant_general_000425.jpg,/Users/vijay/462/Project/ad_safety_pipeline/raw/compliant_general/compliant_general_000425.jpg,compliant_general,0,train
compliant_general_000353.jpg,/Users/vijay/462/Project/ad_safety_pipeline/raw/compliant_general/compliant_general_000353.jpg,compliant_general,0,train
compliant_general_000875.jpg,/Users/vijay/462/Project/ad_safety_pipeline/raw/compliant_general/compliant_general_000875.jpg,compliant_general,0,train
alcohol_tobacco_000155.jpg,/Users/vijay/462/Project/ad_safety_pipeline/raw/alcohol_tobacco/alcohol_tobacco_000155.jpg,alcohol_tobacco,1,train
compliant_general_000356.jpg,/Users/vijay/462/Project/ad_safety_pipeline/raw/compliant_general/compliant_general_000356.jpg,compliant_general,0,train
compliant_cutlery_000006.jpg,/Users/vijay/462/Project/ad_safety_pipeline/raw/compliant_cutlery/compliant_cutlery_000006.jpg,compliant_cutlery,0,train
compliant_general_000031.jpg,/Users/vijay/462/Project/ad_safety_pipeline/raw/compliant_general/compliant_general_000031.jpg,compliant_general,0,train
compliant_general_000446.jpg,/Users/vijay/462/Project/ad_safety_pipeline/raw/compliant_general/compliant_general_000446.jpg,compliant_general,0,train
compliant_general_000593.jpg,/Users/vijay/462/Project/ad_safety_pipeline/raw/compliant_general/compliant_general_000593.jpg,compliant_general,0,train
compliant_general_000452.jpg,/Users/vijay/462/Project/ad_safety_pipeline/raw/compliant_general/compliant_general_000452.jpg,compliant_general,0,train
compliant_beverages_000023.jpg,/Users/vijay/462/Project/ad_safety_pipeline/raw/compliant_beverages/compliant_beverages_000023.jpg,compliant_beverages,0,train
alcohol_tobacco_000175.jpg,/Users/vijay/462/Project/ad_safety_pipeline/raw/alcohol_tobacco/alcohol_tobacco_000175.jpg,alcohol_tobacco,1,train
compliant_general_000938.jpg,/Users/vijay/462/Project/ad_safety_pipeline/raw/compliant_general/compliant_general_000938.jpg,compliant_general,0,train
compliant_general_000753.jpg,/Users/vijay/462/Project/ad_safety_pipeline/raw/compliant_general/compliant_general_000753.jpg,compliant_general,0,train
alcohol_tobacco_000015.jpg,/Users/vijay/462/Project/ad_safety_pipeline/raw/alcohol_tobacco/alcohol_tobacco_000015.jpg,alcohol_tobacco,1,train
compliant_cutlery_000037.jpg,/Users/vijay/462/Project/ad_safety_pipeline/raw/compliant_cutlery/compliant_cutlery_000037.jpg,compliant_cutlery,0,train
compliant_cutlery_000002.jpg,/Users/vijay/462/Project/ad_safety_pipeline/raw/compliant_cutlery/compliant_cutlery_000002.jpg,compliant_cutlery,0,train
compliant_general_000571.jpg,/Users/vijay/462/Project/ad_safety_pipeline/raw/compliant_general/compliant_general_000571.jpg,compliant_general,0,train
compliant_general_000896.jpg,/Users/vijay/462/Project/ad_safety_pipeline/raw/compliant_general/compliant_general_000896.jpg,compliant_general,0,train
compliant_general_000123.jpg,/Users/vijay/462/Project/ad_safety_pipeline/raw/compliant_general/compliant_general_000123.jpg,compliant_general,0,train
compliant_beverages_000001.jpg,/Users/vijay/462/Project/ad_safety_pipeline/raw/compliant_beverages/compliant_beverages_000001.jpg,compliant_beverages,0,train
alcohol_tobacco_000059.jpg,/Users/vijay/462/Project/ad_safety_pipeline/raw/alcohol_tobacco/alcohol_tobacco_000059.jpg,alcohol_tobacco,1,train
compliant_general_000951.jpg,/Users/vijay/462/Project/ad_safety_pipeline/raw/compliant_general/compliant_general_000951.jpg,compliant_general,0,train
compliant_beverages_000085.jpg,/Users/vijay/462/Project/ad_safety_pipeline/raw/compliant_beverages/compliant_beverages_000085.jpg,compliant_beverages,0,train
compliant_general_000231.jpg,/Users/vijay/462/Project/ad_safety_pipeline/raw/compliant_general/compliant_general_000231.jpg,compliant_general,0,train
alcohol_tobacco_000098.jpg,/Users/vijay/462/Project/ad_safety_pipeline/raw/alcohol_tobacco/alcohol_tobacco_000098.jpg,alcohol_tobacco,1,train
compliant_general_000462.jpg,/Users/vijay/462/Project/ad_safety_pipeline/raw/compliant_general/compliant_general_000462.jpg,compliant_general,0,train
alcohol_tobacco_000029.jpg,/Users/vijay/462/Project/ad_safety_pipeline/raw/alcohol_tobacco/alcohol_tobacco_000029.jpg,alcohol_tobacco,1,train
compliant_general_000607.jpg,/Users/vijay/462/Project/ad_safety_pipeline/raw/compliant_general/compliant_general_000607.jpg,compliant_general,0,train
compliant_general_000492.jpg,/Users/vijay/462/Project/ad_safety_pipeline/raw/compliant_general/compliant_general_000492.jpg,compliant_general,0,train
compliant_general_000824.jpg,/Users/vijay/462/Project/ad_safety_pipeline/raw/compliant_general/compliant_general_000824.jpg,compliant_general,0,train
compliant_general_000689.jpg,/Users/vijay/462/Project/ad_safety_pipeline/raw/compliant_general/compliant_general_000689.jpg,compliant_general,0,train
compliant_general_000985.jpg,/Users/vijay/462/Project/ad_safety_pipeline/raw/compliant_general/compliant_general_000985.jpg,compliant_general,0,train
compliant_beverages_000127.jpg,/Users/vijay/462/Project/ad_safety_pipeline/raw/compliant_beverages/compliant_beverages_000127.jpg,compliant_beverages,0,train
compliant_general_000674.jpg,/Users/vijay/462/Project/ad_safety_pipeline/raw/compliant_general/compliant_general_000674.jpg,compliant_general,0,train
alcohol_tobacco_000088.jpg,/Users/vijay/462/Project/ad_safety_pipeline/raw/alcohol_tobacco/alcohol_tobacco_000088.jpg,alcohol_tobacco,1,train
compliant_general_000391.jpg,/Users/vijay/462/Project/ad_safety_pipeline/raw/compliant_general/compliant_general_000391.jpg,compliant_general,0,train
compliant_general_000744.jpg,/Users/vijay/462/Project/ad_safety_pipeline/raw/compliant_general/compliant_general_000744.jpg,compliant_general,0,train
compliant_general_000210.jpg,/Users/vijay/462/Project/ad_safety_pipeline/raw/compliant_general/compliant_general_000210.jpg,compliant_general,0,train
compliant_general_000592.jpg,/Users/vijay/462/Project/ad_safety_pipeline/raw/compliant_general/compliant_general_000592.jpg,compliant_general,0,train
compliant_beverages_000140.jpg,/Users/vijay/462/Project/ad_safety_pipeline/raw/compliant_beverages/compliant_beverages_000140.jpg,compliant_beverages,0,train
weapon_000010.jpg,/Users/vijay/462/Project/ad_safety_pipeline/raw/weapon/weapon_000010.jpg,weapon,1,train
alcohol_tobacco_000036.jpg,/Users/vijay/462/Project/ad_safety_pipeline/raw/alcohol_tobacco/alcohol_tobacco_000036.jpg,alcohol_tobacco,1,train
compliant_general_000911.jpg,/Users/vijay/462/Project/ad_safety_pipeline/raw/compliant_general/compliant_general_000911.jpg,compliant_general,0,train
alcohol_tobacco_000171.jpg,/Users/vijay/462/Project/ad_safety_pipeline/raw/alcohol_tobacco/alcohol_tobacco_000171.jpg,alcohol_tobacco,1,train
compliant_cutlery_000008.jpg,/Users/vijay/462/Project/ad_safety_pipeline/raw/compliant_cutlery/compliant_cutlery_000008.jpg,compliant_cutlery,0,train
compliant_general_000939.jpg,/Users/vijay/462/Project/ad_safety_pipeline/raw/compliant_general/compliant_general_000939.jpg,compliant_general,0,train
compliant_cutlery_000001.jpg,/Users/vijay/462/Project/ad_safety_pipeline/raw/compliant_cutlery/compliant_cutlery_000001.jpg,compliant_cutlery,0,train
compliant_general_000088.jpg,/Users/vijay/462/Project/ad_safety_pipeline/raw/compliant_general/compliant_general_000088.jpg,compliant_general,0,train
compliant_general_000100.jpg,/Users/vijay/462/Project/ad_safety_pipeline/raw/compliant_general/compliant_general_000100.jpg,compliant_general,0,train
compliant_general_000545.jpg,/Users/vijay/462/Project/ad_safety_pipeline/raw/compliant_general/compliant_general_000545.jpg,compliant_general,0,train
compliant_general_000725.jpg,/Users/vijay/462/Project/ad_safety_pipeline/raw/compliant_general/compliant_general_000725.jpg,compliant_general,0,train
compliant_general_000001.jpg,/Users/vijay/462/Project/ad_safety_pipeline/raw/compliant_general/compliant_general_000001.jpg,compliant_general,0,train
alcohol_tobacco_000018.jpg,/Users/vijay/462/Project/ad_safety_pipeline/raw/alcohol_tobacco/alcohol_tobacco_000018.jpg,alcohol_tobacco,1,train
compliant_general_000250.jpg,/Users/vijay/462/Project/ad_safety_pipeline/raw/compliant_general/compliant_general_000250.jpg,compliant_general,0,train
compliant_cutlery_000041.jpg,/Users/vijay/462/Project/ad_safety_pipeline/raw/compliant_cutlery/compliant_cutlery_000041.jpg,compliant_cutlery,0,train
compliant_cutlery_000033.jpg,/Users/vijay/462/Project/ad_safety_pipeline/raw/compliant_cutlery/compliant_cutlery_000033.jpg,compliant_cutlery,0,train
compliant_general_000182.jpg,/Users/vijay/462/Project/ad_safety_pipeline/raw/compliant_general/compliant_general_000182.jpg,compliant_general,0,train
compliant_general_000966.jpg,/Users/vijay/462/Project/ad_safety_pipeline/raw/compliant_general/compliant_general_000966.jpg,compliant_general,0,train
compliant_general_000603.jpg,/Users/vijay/462/Project/ad_safety_pipeline/raw/compliant_general/compliant_general_000603.jpg,compliant_general,0,train
alcohol_tobacco_000024.jpg,/Users/vijay/462/Project/ad_safety_pipeline/raw/alcohol_tobacco/alcohol_tobacco_000024.jpg,alcohol_tobacco,1,train
compliant_general_000211.jpg,/Users/vijay/462/Project/ad_safety_pipeline/raw/compliant_general/compliant_general_000211.jpg,compliant_general,0,train
compliant_general_000653.jpg,/Users/vijay/462/Project/ad_safety_pipeline/raw/compliant_general/compliant_general_000653.jpg,compliant_general,0,train
compliant_general_000971.jpg,/Users/vijay/462/Project/ad_safety_pipeline/raw/compliant_general/compliant_general_000971.jpg,compliant_general,0,train
compliant_beverages_000081.jpg,/Users/vijay/462/Project/ad_safety_pipeline/raw/compliant_beverages/compliant_beverages_000081.jpg,compliant_beverages,0,train
compliant_general_000436.jpg,/Users/vijay/462/Project/ad_safety_pipeline/raw/compliant_general/compliant_general_000436.jpg,compliant_general,0,train
compliant_general_000158.jpg,/Users/vijay/462/Project/ad_safety_pipeline/raw/compliant_general/compliant_general_000158.jpg,compliant_general,0,train
compliant_general_000125.jpg,/Users/vijay/462/Project/ad_safety_pipeline/raw/compliant_general/compliant_general_000125.jpg,compliant_general,0,train
compliant_general_000819.jpg,/Users/vijay/462/Project/ad_safety_pipeline/raw/compliant_general/compliant_general_000819.jpg,compliant_general,0,train
alcohol_tobacco_000047.jpg,/Users/vijay/462/Project/ad_safety_pipeline/raw/alcohol_tobacco/alcohol_tobacco_000047.jpg,alcohol_tobacco,1,train
compliant_general_000811.jpg,/Users/vijay/462/Project/ad_safety_pipeline/raw/compliant_general/compliant_general_000811.jpg,compliant_general,0,train
compliant_general_000792.jpg,/Users/vijay/462/Project/ad_safety_pipeline/raw/compliant_general/compliant_general_000792.jpg,compliant_general,0,train
compliant_general_000087.jpg,/Users/vijay/462/Project/ad_safety_pipeline/raw/compliant_general/compliant_general_000087.jpg,compliant_general,0,train
compliant_cutlery_000062.jpg,/Users/vijay/462/Project/ad_safety_pipeline/raw/compliant_cutlery/compliant_cutlery_000062.jpg,compliant_cutlery,0,train
compliant_general_000225.jpg,/Users/vijay/462/Project/ad_safety_pipeline/raw/compliant_general/compliant_general_000225.jpg,compliant_general,0,train
compliant_general_000814.jpg,/Users/vijay/462/Project/ad_safety_pipeline/raw/compliant_general/compliant_general_000814.jpg,compliant_general,0,train
compliant_general_000039.jpg,/Users/vijay/462/Project/ad_safety_pipeline/raw/compliant_general/compliant_general_000039.jpg,compliant_general,0,train
compliant_general_000064.jpg,/Users/vijay/462/Project/ad_safety_pipeline/raw/compliant_general/compliant_general_000064.jpg,compliant_general,0,train
compliant_general_000093.jpg,/Users/vijay/462/Project/ad_safety_pipeline/raw/compliant_general/compliant_general_000093.jpg,compliant_general,0,train
compliant_general_000140.jpg,/Users/vijay/462/Project/ad_safety_pipeline/raw/compliant_general/compliant_general_000140.jpg,compliant_general,0,train
alcohol_tobacco_000084.jpg,/Users/vijay/462/Project/ad_safety_pipeline/raw/alcohol_tobacco/alcohol_tobacco_000084.jpg,alcohol_tobacco,1,train
compliant_general_000740.jpg,/Users/vijay/462/Project/ad_safety_pipeline/raw/compliant_general/compliant_general_000740.jpg,compliant_general,0,train
compliant_general_000935.jpg,/Users/vijay/462/Project/ad_safety_pipeline/raw/compliant_general/compliant_general_000935.jpg,compliant_general,0,train
compliant_beverages_000084.jpg,/Users/vijay/462/Project/ad_safety_pipeline/raw/compliant_beverages/compliant_beverages_000084.jpg,compliant_beverages,0,train
compliant_general_000404.jpg,/Users/vijay/462/Project/ad_safety_pipeline/raw/compliant_general/compliant_general_000404.jpg,compliant_general,0,train
compliant_general_000807.jpg,/Users/vijay/462/Project/ad_safety_pipeline/raw/compliant_general/compliant_general_000807.jpg,compliant_general,0,train
weapon_000096.jpg,/Users/vijay/462/Project/ad_safety_pipeline/raw/weapon/weapon_000096.jpg,weapon,1,train
compliant_general_000086.jpg,/Users/vijay/462/Project/ad_safety_pipeline/raw/compliant_general/compliant_general_000086.jpg,compliant_general,0,train
compliant_general_000714.jpg,/Users/vijay/462/Project/ad_safety_pipeline/raw/compliant_general/compliant_general_000714.jpg,compliant_general,0,train
compliant_general_000738.jpg,/Users/vijay/462/Project/ad_safety_pipeline/raw/compliant_general/compliant_general_000738.jpg,compliant_general,0,train
compliant_beverages_000065.jpg,/Users/vijay/462/Project/ad_safety_pipeline/raw/compliant_beverages/compliant_beverages_000065.jpg,compliant_beverages,0,train
compliant_beverages_000056.jpg,/Users/vijay/462/Project/ad_safety_pipeline/raw/compliant_beverages/compliant_beverages_000056.jpg,compliant_beverages,0,train
compliant_general_000410.jpg,/Users/vijay/462/Project/ad_safety_pipeline/raw/compliant_general/compliant_general_000410.jpg,compliant_general,0,train
compliant_beverages_000123.jpg,/Users/vijay/462/Project/ad_safety_pipeline/raw/compliant_beverages/compliant_beverages_000123.jpg,compliant_beverages,0,train
compliant_general_000047.jpg,/Users/vijay/462/Project/ad_safety_pipeline/raw/compliant_general/compliant_general_000047.jpg,compliant_general,0,train
compliant_general_000754.jpg,/Users/vijay/462/Project/ad_safety_pipeline/raw/compliant_general/compliant_general_000754.jpg,compliant_general,0,train
alcohol_tobacco_000045.jpg,/Users/vijay/462/Project/ad_safety_pipeline/raw/alcohol_tobacco/alcohol_tobacco_000045.jpg,alcohol_tobacco,1,train
compliant_general_000124.jpg,/Users/vijay/462/Project/ad_safety_pipeline/raw/compliant_general/compliant_general_000124.jpg,compliant_general,0,train
compliant_general_000720.jpg,/Users/vijay/462/Project/ad_safety_pipeline/raw/compliant_general/compliant_general_000720.jpg,compliant_general,0,train
compliant_general_000437.jpg,/Users/vijay/462/Project/ad_safety_pipeline/raw/compliant_general/compliant_general_000437.jpg,compliant_general,0,train
compliant_beverages_000093.jpg,/Users/vijay/462/Project/ad_safety_pipeline/raw/compliant_beverages/compliant_beverages_000093.jpg,compliant_beverages,0,train
alcohol_tobacco_000067.jpg,/Users/vijay/462/Project/ad_safety_pipeline/raw/alcohol_tobacco/alcohol_tobacco_000067.jpg,alcohol_tobacco,1,train
compliant_beverages_000036.jpg,/Users/vijay/462/Project/ad_safety_pipeline/raw/compliant_beverages/compliant_beverages_000036.jpg,compliant_beverages,0,train
compliant_general_000789.jpg,/Users/vijay/462/Project/ad_safety_pipeline/raw/compliant_general/compliant_general_000789.jpg,compliant_general,0,train
compliant_general_000724.jpg,/Users/vijay/462/Project/ad_safety_pipeline/raw/compliant_general/compliant_general_000724.jpg,compliant_general,0,train
compliant_general_000741.jpg,/Users/vijay/462/Project/ad_safety_pipeline/raw/compliant_general/compliant_general_000741.jpg,compliant_general,0,train
compliant_general_000106.jpg,/Users/vijay/462/Project/ad_safety_pipeline/raw/compliant_general/compliant_general_000106.jpg,compliant_general,0,train
compliant_general_000174.jpg,/Users/vijay/462/Project/ad_safety_pipeline/raw/compliant_general/compliant_general_000174.jpg,compliant_general,0,train
compliant_general_000829.jpg,/Users/vijay/462/Project/ad_safety_pipeline/raw/compliant_general/compliant_general_000829.jpg,compliant_general,0,train
compliant_general_000774.jpg,/Users/vijay/462/Project/ad_safety_pipeline/raw/compliant_general/compliant_general_000774.jpg,compliant_general,0,train
compliant_general_000289.jpg,/Users/vijay/462/Project/ad_safety_pipeline/raw/compliant_general/compliant_general_000289.jpg,compliant_general,0,train
compliant_general_000855.jpg,/Users/vijay/462/Project/ad_safety_pipeline/raw/compliant_general/compliant_general_000855.jpg,compliant_general,0,train
compliant_general_000783.jpg,/Users/vijay/462/Project/ad_safety_pipeline/raw/compliant_general/compliant_general_000783.jpg,compliant_general,0,train
compliant_cutlery_000004.jpg,/Users/vijay/462/Project/ad_safety_pipeline/raw/compliant_cutlery/compliant_cutlery_000004.jpg,compliant_cutlery,0,train
compliant_general_000821.jpg,/Users/vijay/462/Project/ad_safety_pipeline/raw/compliant_general/compliant_general_000821.jpg,compliant_general,0,train
compliant_general_000372.jpg,/Users/vijay/462/Project/ad_safety_pipeline/raw/compliant_general/compliant_general_000372.jpg,compliant_general,0,train
weapon_000088.jpg,/Users/vijay/462/Project/ad_safety_pipeline/raw/weapon/weapon_000088.jpg,weapon,1,train
compliant_general_000962.jpg,/Users/vijay/462/Project/ad_safety_pipeline/raw/compliant_general/compliant_general_000962.jpg,compliant_general,0,train
compliant_general_000679.jpg,/Users/vijay/462/Project/ad_safety_pipeline/raw/compliant_general/compliant_general_000679.jpg,compliant_general,0,train
compliant_general_000683.jpg,/Users/vijay/462/Project/ad_safety_pipeline/raw/compliant_general/compliant_general_000683.jpg,compliant_general,0,train
compliant_general_000467.jpg,/Users/vijay/462/Project/ad_safety_pipeline/raw/compliant_general/compliant_general_000467.jpg,compliant_general,0,train
compliant_general_000887.jpg,/Users/vijay/462/Project/ad_safety_pipeline/raw/compliant_general/compliant_general_000887.jpg,compliant_general,0,train
compliant_general_000198.jpg,/Users/vijay/462/Project/ad_safety_pipeline/raw/compliant_general/compliant_general_000198.jpg,compliant_general,0,train
compliant_general_000445.jpg,/Users/vijay/462/Project/ad_safety_pipeline/raw/compliant_general/compliant_general_000445.jpg,compliant_general,0,train
compliant_cutlery_000000.jpg,/Users/vijay/462/Project/ad_safety_pipeline/raw/compliant_cutlery/compliant_cutlery_000000.jpg,compliant_cutlery,0,train
compliant_general_000918.jpg,/Users/vijay/462/Project/ad_safety_pipeline/raw/compliant_general/compliant_general_000918.jpg,compliant_general,0,train
compliant_general_000621.jpg,/Users/vijay/462/Project/ad_safety_pipeline/raw/compliant_general/compliant_general_000621.jpg,compliant_general,0,train
compliant_cutlery_000058.jpg,/Users/vijay/462/Project/ad_safety_pipeline/raw/compliant_cutlery/compliant_cutlery_000058.jpg,compliant_cutlery,0,train
compliant_general_000363.jpg,/Users/vijay/462/Project/ad_safety_pipeline/raw/compliant_general/compliant_general_000363.jpg,compliant_general,0,train
compliant_general_000912.jpg,/Users/vijay/462/Project/ad_safety_pipeline/raw/compliant_general/compliant_general_000912.jpg,compliant_general,0,train
compliant_general_000303.jpg,/Users/vijay/462/Project/ad_safety_pipeline/raw/compliant_general/compliant_general_000303.jpg,compliant_general,0,train
compliant_general_000101.jpg,/Users/vijay/462/Project/ad_safety_pipeline/raw/compliant_general/compliant_general_000101.jpg,compliant_general,0,train
compliant_beverages_000104.jpg,/Users/vijay/462/Project/ad_safety_pipeline/raw/compliant_beverages/compliant_beverages_000104.jpg,compliant_beverages,0,train
compliant_beverages_000021.jpg,/Users/vijay/462/Project/ad_safety_pipeline/raw/compliant_beverages/compliant_beverages_000021.jpg,compliant_beverages,0,train
compliant_cutlery_000043.jpg,/Users/vijay/462/Project/ad_safety_pipeline/raw/compliant_cutlery/compliant_cutlery_000043.jpg,compliant_cutlery,0,train
compliant_general_000258.jpg,/Users/vijay/462/Project/ad_safety_pipeline/raw/compliant_general/compliant_general_000258.jpg,compliant_general,0,train
compliant_general_000823.jpg,/Users/vijay/462/Project/ad_safety_pipeline/raw/compliant_general/compliant_general_000823.jpg,compliant_general,0,train
compliant_general_000825.jpg,/Users/vijay/462/Project/ad_safety_pipeline/raw/compliant_general/compliant_general_000825.jpg,compliant_general,0,train
compliant_general_000889.jpg,/Users/vijay/462/Project/ad_safety_pipeline/raw/compliant_general/compliant_general_000889.jpg,compliant_general,0,train
compliant_general_000668.jpg,/Users/vijay/462/Project/ad_safety_pipeline/raw/compliant_general/compliant_general_000668.jpg,compliant_general,0,train
compliant_cutlery_000038.jpg,/Users/vijay/462/Project/ad_safety_pipeline/raw/compliant_cutlery/compliant_cutlery_000038.jpg,compliant_cutlery,0,train
compliant_cutlery_000028.jpg,/Users/vijay/462/Project/ad_safety_pipeline/raw/compliant_cutlery/compliant_cutlery_000028.jpg,compliant_cutlery,0,train
compliant_general_000654.jpg,/Users/vijay/462/Project/ad_safety_pipeline/raw/compliant_general/compliant_general_000654.jpg,compliant_general,0,train
compliant_general_000454.jpg,/Users/vijay/462/Project/ad_safety_pipeline/raw/compliant_general/compliant_general_000454.jpg,compliant_general,0,train
weapon_000012.jpg,/Users/vijay/462/Project/ad_safety_pipeline/raw/weapon/weapon_000012.jpg,weapon,1,train
alcohol_tobacco_000060.jpg,/Users/vijay/462/Project/ad_safety_pipeline/raw/alcohol_tobacco/alcohol_tobacco_000060.jpg,alcohol_tobacco,1,train
alcohol_tobacco_000149.jpg,/Users/vijay/462/Project/ad_safety_pipeline/raw/alcohol_tobacco/alcohol_tobacco_000149.jpg,alcohol_tobacco,1,train
compliant_general_000321.jpg,/Users/vijay/462/Project/ad_safety_pipeline/raw/compliant_general/compliant_general_000321.jpg,compliant_general,0,train
compliant_general_000362.jpg,/Users/vijay/462/Project/ad_safety_pipeline/raw/compliant_general/compliant_general_000362.jpg,compliant_general,0,train
compliant_general_000315.jpg,/Users/vijay/462/Project/ad_safety_pipeline/raw/compliant_general/compliant_general_000315.jpg,compliant_general,0,train
alcohol_tobacco_000027.jpg,/Users/vijay/462/Project/ad_safety_pipeline/raw/alcohol_tobacco/alcohol_tobacco_000027.jpg,alcohol_tobacco,1,train
compliant_general_000053.jpg,/Users/vijay/462/Project/ad_safety_pipeline/raw/compliant_general/compliant_general_000053.jpg,compliant_general,0,train
compliant_general_000114.jpg,/Users/vijay/462/Project/ad_safety_pipeline/raw/compliant_general/compliant_general_000114.jpg,compliant_general,0,train
compliant_general_000347.jpg,/Users/vijay/462/Project/ad_safety_pipeline/raw/compliant_general/compliant_general_000347.jpg,compliant_general,0,train
compliant_general_000550.jpg,/Users/vijay/462/Project/ad_safety_pipeline/raw/compliant_general/compliant_general_000550.jpg,compliant_general,0,train
compliant_general_000062.jpg,/Users/vijay/462/Project/ad_safety_pipeline/raw/compliant_general/compliant_general_000062.jpg,compliant_general,0,train
alcohol_tobacco_000028.jpg,/Users/vijay/462/Project/ad_safety_pipeline/raw/alcohol_tobacco/alcohol_tobacco_000028.jpg,alcohol_tobacco,1,train
compliant_general_000809.jpg,/Users/vijay/462/Project/ad_safety_pipeline/raw/compliant_general/compliant_general_000809.jpg,compliant_general,0,train
compliant_general_000862.jpg,/Users/vijay/462/Project/ad_safety_pipeline/raw/compliant_general/compliant_general_000862.jpg,compliant_general,0,train
alcohol_tobacco_000113.jpg,/Users/vijay/462/Project/ad_safety_pipeline/raw/alcohol_tobacco/alcohol_tobacco_000113.jpg,alcohol_tobacco,1,train
compliant_general_000089.jpg,/Users/vijay/462/Project/ad_safety_pipeline/raw/compliant_general/compliant_general_000089.jpg,compliant_general,0,train
compliant_beverages_000055.jpg,/Users/vijay/462/Project/ad_safety_pipeline/raw/compliant_beverages/compliant_beverages_000055.jpg,compliant_beverages,0,train
compliant_cutlery_000035.jpg,/Users/vijay/462/Project/ad_safety_pipeline/raw/compliant_cutlery/compliant_cutlery_000035.jpg,compliant_cutlery,0,train
compliant_cutlery_000009.jpg,/Users/vijay/462/Project/ad_safety_pipeline/raw/compliant_cutlery/compliant_cutlery_000009.jpg,compliant_cutlery,0,train
compliant_general_000386.jpg,/Users/vijay/462/Project/ad_safety_pipeline/raw/compliant_general/compliant_general_000386.jpg,compliant_general,0,train
compliant_general_000240.jpg,/Users/vijay/462/Project/ad_safety_pipeline/raw/compliant_general/compliant_general_000240.jpg,compliant_general,0,train
compliant_general_000172.jpg,/Users/vijay/462/Project/ad_safety_pipeline/raw/compliant_general/compliant_general_000172.jpg,compliant_general,0,train
compliant_general_000890.jpg,/Users/vijay/462/Project/ad_safety_pipeline/raw/compliant_general/compliant_general_000890.jpg,compliant_general,0,train
compliant_general_000448.jpg,/Users/vijay/462/Project/ad_safety_pipeline/raw/compliant_general/compliant_general_000448.jpg,compliant_general,0,train
compliant_general_000373.jpg,/Users/vijay/462/Project/ad_safety_pipeline/raw/compliant_general/compliant_general_000373.jpg,compliant_general,0,train
compliant_general_000077.jpg,/Users/vijay/462/Project/ad_safety_pipeline/raw/compliant_general/compliant_general_000077.jpg,compliant_general,0,train
compliant_general_000007.jpg,/Users/vijay/462/Project/ad_safety_pipeline/raw/compliant_general/compliant_general_000007.jpg,compliant_general,0,train
compliant_general_000664.jpg,/Users/vijay/462/Project/ad_safety_pipeline/raw/compliant_general/compliant_general_000664.jpg,compliant_general,0,train
weapon_000003.jpg,/Users/vijay/462/Project/ad_safety_pipeline/raw/weapon/weapon_000003.jpg,weapon,1,train
compliant_general_000249.jpg,/Users/vijay/462/Project/ad_safety_pipeline/raw/compliant_general/compliant_general_000249.jpg,compliant_general,0,train
compliant_beverages_000113.jpg,/Users/vijay/462/Project/ad_safety_pipeline/raw/compliant_beverages/compliant_beverages_000113.jpg,compliant_beverages,0,train
compliant_cutlery_000031.jpg,/Users/vijay/462/Project/ad_safety_pipeline/raw/compliant_cutlery/compliant_cutlery_000031.jpg,compliant_cutlery,0,train
weapon_000005.jpg,/Users/vijay/462/Project/ad_safety_pipeline/raw/weapon/weapon_000005.jpg,weapon,1,train
compliant_general_000650.jpg,/Users/vijay/462/Project/ad_safety_pipeline/raw/compliant_general/compliant_general_000650.jpg,compliant_general,0,train
compliant_general_000051.jpg,/Users/vijay/462/Project/ad_safety_pipeline/raw/compliant_general/compliant_general_000051.jpg,compliant_general,0,train
compliant_general_000968.jpg,/Users/vijay/462/Project/ad_safety_pipeline/raw/compliant_general/compliant_general_000968.jpg,compliant_general,0,train
weapon_000039.jpg,/Users/vijay/462/Project/ad_safety_pipeline/raw/weapon/weapon_000039.jpg,weapon,1,train
compliant_general_000046.jpg,/Users/vijay/462/Project/ad_safety_pipeline/raw/compliant_general/compliant_general_000046.jpg,compliant_general,0,train
alcohol_tobacco_000131.jpg,/Users/vijay/462/Project/ad_safety_pipeline/raw/alcohol_tobacco/alcohol_tobacco_000131.jpg,alcohol_tobacco,1,train
alcohol_tobacco_000025.jpg,/Users/vijay/462/Project/ad_safety_pipeline/raw/alcohol_tobacco/alcohol_tobacco_000025.jpg,alcohol_tobacco,1,train
compliant_general_000947.jpg,/Users/vijay/462/Project/ad_safety_pipeline/raw/compliant_general/compliant_general_000947.jpg,compliant_general,0,train
compliant_general_000291.jpg,/Users/vijay/462/Project/ad_safety_pipeline/raw/compliant_general/compliant_general_000291.jpg,compliant_general,0,train
compliant_general_000539.jpg,/Users/vijay/462/Project/ad_safety_pipeline/raw/compliant_general/compliant_general_000539.jpg,compliant_general,0,train
compliant_general_000572.jpg,/Users/vijay/462/Project/ad_safety_pipeline/raw/compliant_general/compliant_general_000572.jpg,compliant_general,0,train
compliant_general_000865.jpg,/Users/vijay/462/Project/ad_safety_pipeline/raw/compliant_general/compliant_general_000865.jpg,compliant_general,0,train
compliant_general_000085.jpg,/Users/vijay/462/Project/ad_safety_pipeline/raw/compliant_general/compliant_general_000085.jpg,compliant_general,0,train
compliant_general_000974.jpg,/Users/vijay/462/Project/ad_safety_pipeline/raw/compliant_general/compliant_general_000974.jpg,compliant_general,0,train
compliant_general_000426.jpg,/Users/vijay/462/Project/ad_safety_pipeline/raw/compliant_general/compliant_general_000426.jpg,compliant_general,0,train
compliant_general_000888.jpg,/Users/vijay/462/Project/ad_safety_pipeline/raw/compliant_general/compliant_general_000888.jpg,compliant_general,0,train
compliant_beverages_000022.jpg,/Users/vijay/462/Project/ad_safety_pipeline/raw/compliant_beverages/compliant_beverages_000022.jpg,compliant_beverages,0,train
compliant_cutlery_000024.jpg,/Users/vijay/462/Project/ad_safety_pipeline/raw/compliant_cutlery/compliant_cutlery_000024.jpg,compliant_cutlery,0,train
compliant_beverages_000088.jpg,/Users/vijay/462/Project/ad_safety_pipeline/raw/compliant_beverages/compliant_beverages_000088.jpg,compliant_beverages,0,train
compliant_cutlery_000029.jpg,/Users/vijay/462/Project/ad_safety_pipeline/raw/compliant_cutlery/compliant_cutlery_000029.jpg,compliant_cutlery,0,train
compliant_general_000430.jpg,/Users/vijay/462/Project/ad_safety_pipeline/raw/compliant_general/compliant_general_000430.jpg,compliant_general,0,train
compliant_general_000570.jpg,/Users/vijay/462/Project/ad_safety_pipeline/raw/compliant_general/compliant_general_000570.jpg,compliant_general,0,train
compliant_general_000925.jpg,/Users/vijay/462/Project/ad_safety_pipeline/raw/compliant_general/compliant_general_000925.jpg,compliant_general,0,train
compliant_beverages_000070.jpg,/Users/vijay/462/Project/ad_safety_pipeline/raw/compliant_beverages/compliant_beverages_000070.jpg,compliant_beverages,0,train
compliant_general_000057.jpg,/Users/vijay/462/Project/ad_safety_pipeline/raw/compliant_general/compliant_general_000057.jpg,compliant_general,0,train
compliant_general_000098.jpg,/Users/vijay/462/Project/ad_safety_pipeline/raw/compliant_general/compliant_general_000098.jpg,compliant_general,0,train
compliant_general_000857.jpg,/Users/vijay/462/Project/ad_safety_pipeline/raw/compliant_general/compliant_general_000857.jpg,compliant_general,0,train
compliant_general_000271.jpg,/Users/vijay/462/Project/ad_safety_pipeline/raw/compliant_general/compliant_general_000271.jpg,compliant_general,0,train
compliant_general_000717.jpg,/Users/vijay/462/Project/ad_safety_pipeline/raw/compliant_general/compliant_general_000717.jpg,compliant_general,0,train
compliant_general_000153.jpg,/Users/vijay/462/Project/ad_safety_pipeline/raw/compliant_general/compliant_general_000153.jpg,compliant_general,0,train
alcohol_tobacco_000116.jpg,/Users/vijay/462/Project/ad_safety_pipeline/raw/alcohol_tobacco/alcohol_tobacco_000116.jpg,alcohol_tobacco,1,train
compliant_general_000216.jpg,/Users/vijay/462/Project/ad_safety_pipeline/raw/compliant_general/compliant_general_000216.jpg,compliant_general,0,train
compliant_general_000312.jpg,/Users/vijay/462/Project/ad_safety_pipeline/raw/compliant_general/compliant_general_000312.jpg,compliant_general,0,train
compliant_general_000533.jpg,/Users/vijay/462/Project/ad_safety_pipeline/raw/compliant_general/compliant_general_000533.jpg,compliant_general,0,train
compliant_general_000959.jpg,/Users/vijay/462/Project/ad_safety_pipeline/raw/compliant_general/compliant_general_000959.jpg,compliant_general,0,train
weapon_000066.jpg,/Users/vijay/462/Project/ad_safety_pipeline/raw/weapon/weapon_000066.jpg,weapon,1,train
compliant_beverages_000039.jpg,/Users/vijay/462/Project/ad_safety_pipeline/raw/compliant_beverages/compliant_beverages_000039.jpg,compliant_beverages,0,train
compliant_general_000083.jpg,/Users/vijay/462/Project/ad_safety_pipeline/raw/compliant_general/compliant_general_000083.jpg,compliant_general,0,train
compliant_general_000491.jpg,/Users/vijay/462/Project/ad_safety_pipeline/raw/compliant_general/compliant_general_000491.jpg,compliant_general,0,train
alcohol_tobacco_000100.jpg,/Users/vijay/462/Project/ad_safety_pipeline/raw/alcohol_tobacco/alcohol_tobacco_000100.jpg,alcohol_tobacco,1,train
compliant_general_000660.jpg,/Users/vijay/462/Project/ad_safety_pipeline/raw/compliant_general/compliant_general_000660.jpg,compliant_general,0,train
compliant_general_000880.jpg,/Users/vijay/462/Project/ad_safety_pipeline/raw/compliant_general/compliant_general_000880.jpg,compliant_general,0,train
compliant_general_000040.jpg,/Users/vijay/462/Project/ad_safety_pipeline/raw/compliant_general/compliant_general_000040.jpg,compliant_general,0,train
compliant_general_000218.jpg,/Users/vijay/462/Project/ad_safety_pipeline/raw/compliant_general/compliant_general_000218.jpg,compliant_general,0,train
compliant_general_000408.jpg,/Users/vijay/462/Project/ad_safety_pipeline/raw/compliant_general/compliant_general_000408.jpg,compliant_general,0,train
weapon_000085.jpg,/Users/vijay/462/Project/ad_safety_pipeline/raw/weapon/weapon_000085.jpg,weapon,1,train
compliant_general_000849.jpg,/Users/vijay/462/Project/ad_safety_pipeline/raw/compliant_general/compliant_general_000849.jpg,compliant_general,0,train
compliant_general_000703.jpg,/Users/vijay/462/Project/ad_safety_pipeline/raw/compliant_general/compliant_general_000703.jpg,compliant_general,0,train
compliant_general_000735.jpg,/Users/vijay/462/Project/ad_safety_pipeline/raw/compliant_general/compliant_general_000735.jpg,compliant_general,0,train
compliant_general_000769.jpg,/Users/vijay/462/Project/ad_safety_pipeline/raw/compliant_general/compliant_general_000769.jpg,compliant_general,0,train
compliant_general_000850.jpg,/Users/vijay/462/Project/ad_safety_pipeline/raw/compliant_general/compliant_general_000850.jpg,compliant_general,0,train
compliant_general_000134.jpg,/Users/vijay/462/Project/ad_safety_pipeline/raw/compliant_general/compliant_general_000134.jpg,compliant_general,0,train
compliant_general_000535.jpg,/Users/vijay/462/Project/ad_safety_pipeline/raw/compliant_general/compliant_general_000535.jpg,compliant_general,0,train
compliant_general_000899.jpg,/Users/vijay/462/Project/ad_safety_pipeline/raw/compliant_general/compliant_general_000899.jpg,compliant_general,0,train
compliant_general_000498.jpg,/Users/vijay/462/Project/ad_safety_pipeline/raw/compliant_general/compliant_general_000498.jpg,compliant_general,0,train
alcohol_tobacco_000162.jpg,/Users/vijay/462/Project/ad_safety_pipeline/raw/alcohol_tobacco/alcohol_tobacco_000162.jpg,alcohol_tobacco,1,train
compliant_general_000224.jpg,/Users/vijay/462/Project/ad_safety_pipeline/raw/compliant_general/compliant_general_000224.jpg,compliant_general,0,train
compliant_beverages_000008.jpg,/Users/vijay/462/Project/ad_safety_pipeline/raw/compliant_beverages/compliant_beverages_000008.jpg,compliant_beverages,0,train
compliant_general_000126.jpg,/Users/vijay/462/Project/ad_safety_pipeline/raw/compliant_general/compliant_general_000126.jpg,compliant_general,0,train
weapon_000002.jpg,/Users/vijay/462/Project/ad_safety_pipeline/raw/weapon/weapon_000002.jpg,weapon,1,train
weapon_000006.jpg,/Users/vijay/462/Project/ad_safety_pipeline/raw/weapon/weapon_000006.jpg,weapon,1,train
compliant_cutlery_000021.jpg,/Users/vijay/462/Project/ad_safety_pipeline/raw/compliant_cutlery/compliant_cutlery_000021.jpg,compliant_cutlery,0,train
compliant_general_000164.jpg,/Users/vijay/462/Project/ad_safety_pipeline/raw/compliant_general/compliant_general_000164.jpg,compliant_general,0,train
compliant_general_000440.jpg,/Users/vijay/462/Project/ad_safety_pipeline/raw/compliant_general/compliant_general_000440.jpg,compliant_general,0,train
compliant_general_000977.jpg,/Users/vijay/462/Project/ad_safety_pipeline/raw/compliant_general/compliant_general_000977.jpg,compliant_general,0,train
alcohol_tobacco_000104.jpg,/Users/vijay/462/Project/ad_safety_pipeline/raw/alcohol_tobacco/alcohol_tobacco_000104.jpg,alcohol_tobacco,1,train
compliant_general_000195.jpg,/Users/vijay/462/Project/ad_safety_pipeline/raw/compliant_general/compliant_general_000195.jpg,compliant_general,0,train
weapon_000027.jpg,/Users/vijay/462/Project/ad_safety_pipeline/raw/weapon/weapon_000027.jpg,weapon,1,train
compliant_general_000584.jpg,/Users/vijay/462/Project/ad_safety_pipeline/raw/compliant_general/compliant_general_000584.jpg,compliant_general,0,train
compliant_general_000368.jpg,/Users/vijay/462/Project/ad_safety_pipeline/raw/compliant_general/compliant_general_000368.jpg,compliant_general,0,train
compliant_general_000178.jpg,/Users/vijay/462/Project/ad_safety_pipeline/raw/compliant_general/compliant_general_000178.jpg,compliant_general,0,train
compliant_general_000142.jpg,/Users/vijay/462/Project/ad_safety_pipeline/raw/compliant_general/compliant_general_000142.jpg,compliant_general,0,train
compliant_general_000715.jpg,/Users/vijay/462/Project/ad_safety_pipeline/raw/compliant_general/compliant_general_000715.jpg,compliant_general,0,train
compliant_general_000328.jpg,/Users/vijay/462/Project/ad_safety_pipeline/raw/compliant_general/compliant_general_000328.jpg,compliant_general,0,train
compliant_general_000128.jpg,/Users/vijay/462/Project/ad_safety_pipeline/raw/compliant_general/compliant_general_000128.jpg,compliant_general,0,train
compliant_general_000351.jpg,/Users/vijay/462/Project/ad_safety_pipeline/raw/compliant_general/compliant_general_000351.jpg,compliant_general,0,train
alcohol_tobacco_000145.jpg,/Users/vijay/462/Project/ad_safety_pipeline/raw/alcohol_tobacco/alcohol_tobacco_000145.jpg,alcohol_tobacco,1,train
weapon_000025.jpg,/Users/vijay/462/Project/ad_safety_pipeline/raw/weapon/weapon_000025.jpg,weapon,1,train
compliant_cutlery_000046.jpg,/Users/vijay/462/Project/ad_safety_pipeline/raw/compliant_cutlery/compliant_cutlery_000046.jpg,compliant_cutlery,0,train
compliant_general_000076.jpg,/Users/vijay/462/Project/ad_safety_pipeline/raw/compliant_general/compliant_general_000076.jpg,compliant_general,0,train
weapon_000047.jpg,/Users/vijay/462/Project/ad_safety_pipeline/raw/weapon/weapon_000047.jpg,weapon,1,train
weapon_000106.jpg,/Users/vijay/462/Project/ad_safety_pipeline/raw/weapon/weapon_000106.jpg,weapon,1,train
compliant_cutlery_000059.jpg,/Users/vijay/462/Project/ad_safety_pipeline/raw/compliant_cutlery/compliant_cutlery_000059.jpg,compliant_cutlery,0,train
weapon_000055.jpg,/Users/vijay/462/Project/ad_safety_pipeline/raw/weapon/weapon_000055.jpg,weapon,1,train
compliant_general_000310.jpg,/Users/vijay/462/Project/ad_safety_pipeline/raw/compliant_general/compliant_general_000310.jpg,compliant_general,0,train
alcohol_tobacco_000102.jpg,/Users/vijay/462/Project/ad_safety_pipeline/raw/alcohol_tobacco/alcohol_tobacco_000102.jpg,alcohol_tobacco,1,train
alcohol_tobacco_000009.jpg,/Users/vijay/462/Project/ad_safety_pipeline/raw/alcohol_tobacco/alcohol_tobacco_000009.jpg,alcohol_tobacco,1,train
compliant_general_000371.jpg,/Users/vijay/462/Project/ad_safety_pipeline/raw/compliant_general/compliant_general_000371.jpg,compliant_general,0,train
compliant_general_000256.jpg,/Users/vijay/462/Project/ad_safety_pipeline/raw/compliant_general/compliant_general_000256.jpg,compliant_general,0,train
weapon_000072.jpg,/Users/vijay/462/Project/ad_safety_pipeline/raw/weapon/weapon_000072.jpg,weapon,1,train
compliant_general_000281.jpg,/Users/vijay/462/Project/ad_safety_pipeline/raw/compliant_general/compliant_general_000281.jpg,compliant_general,0,train
compliant_general_000222.jpg,/Users/vijay/462/Project/ad_safety_pipeline/raw/compliant_general/compliant_general_000222.jpg,compliant_general,0,train
weapon_000045.jpg,/Users/vijay/462/Project/ad_safety_pipeline/raw/weapon/weapon_000045.jpg,weapon,1,train
compliant_general_000763.jpg,/Users/vijay/462/Project/ad_safety_pipeline/raw/compliant_general/compliant_general_000763.jpg,compliant_general,0,train
compliant_general_000027.jpg,/Users/vijay/462/Project/ad_safety_pipeline/raw/compliant_general/compliant_general_000027.jpg,compliant_general,0,train
compliant_general_000526.jpg,/Users/vijay/462/Project/ad_safety_pipeline/raw/compliant_general/compliant_general_000526.jpg,compliant_general,0,train
compliant_general_000292.jpg,/Users/vijay/462/Project/ad_safety_pipeline/raw/compliant_general/compliant_general_000292.jpg,compliant_general,0,train
compliant_general_000365.jpg,/Users/vijay/462/Project/ad_safety_pipeline/raw/compliant_general/compliant_general_000365.jpg,compliant_general,0,train
compliant_general_000296.jpg,/Users/vijay/462/Project/ad_safety_pipeline/raw/compliant_general/compliant_general_000296.jpg,compliant_general,0,train
compliant_general_000037.jpg,/Users/vijay/462/Project/ad_safety_pipeline/raw/compliant_general/compliant_general_000037.jpg,compliant_general,0,train
compliant_general_000638.jpg,/Users/vijay/462/Project/ad_safety_pipeline/raw/compliant_general/compliant_general_000638.jpg,compliant_general,0,train
compliant_general_000107.jpg,/Users/vijay/462/Project/ad_safety_pipeline/raw/compliant_general/compliant_general_000107.jpg,compliant_general,0,train
compliant_beverages_000111.jpg,/Users/vijay/462/Project/ad_safety_pipeline/raw/compliant_beverages/compliant_beverages_000111.jpg,compliant_beverages,0,train
compliant_general_000317.jpg,/Users/vijay/462/Project/ad_safety_pipeline/raw/compliant_general/compliant_general_000317.jpg,compliant_general,0,train
compliant_general_000777.jpg,/Users/vijay/462/Project/ad_safety_pipeline/raw/compliant_general/compliant_general_000777.jpg,compliant_general,0,train
compliant_general_000278.jpg,/Users/vijay/462/Project/ad_safety_pipeline/raw/compliant_general/compliant_general_000278.jpg,compliant_general,0,train
compliant_general_000490.jpg,/Users/vijay/462/Project/ad_safety_pipeline/raw/compliant_general/compliant_general_000490.jpg,compliant_general,0,train
weapon_000060.jpg,/Users/vijay/462/Project/ad_safety_pipeline/raw/weapon/weapon_000060.jpg,weapon,1,train
compliant_general_000624.jpg,/Users/vijay/462/Project/ad_safety_pipeline/raw/compliant_general/compliant_general_000624.jpg,compliant_general,0,train
weapon_000092.jpg,/Users/vijay/462/Project/ad_safety_pipeline/raw/weapon/weapon_000092.jpg,weapon,1,train
compliant_general_000170.jpg,/Users/vijay/462/Project/ad_safety_pipeline/raw/compliant_general/compliant_general_000170.jpg,compliant_general,0,train
compliant_general_000245.jpg,/Users/vijay/462/Project/ad_safety_pipeline/raw/compliant_general/compliant_general_000245.jpg,compliant_general,0,train
alcohol_tobacco_000083.jpg,/Users/vijay/462/Project/ad_safety_pipeline/raw/alcohol_tobacco/alcohol_tobacco_000083.jpg,alcohol_tobacco,1,train
alcohol_tobacco_000169.jpg,/Users/vijay/462/Project/ad_safety_pipeline/raw/alcohol_tobacco/alcohol_tobacco_000169.jpg,alcohol_tobacco,1,train
compliant_general_000199.jpg,/Users/vijay/462/Project/ad_safety_pipeline/raw/compliant_general/compliant_general_000199.jpg,compliant_general,0,train
compliant_beverages_000005.jpg,/Users/vijay/462/Project/ad_safety_pipeline/raw/compliant_beverages/compliant_beverages_000005.jpg,compliant_beverages,0,train
compliant_general_000023.jpg,/Users/vijay/462/Project/ad_safety_pipeline/raw/compliant_general/compliant_general_000023.jpg,compliant_general,0,train
compliant_general_000314.jpg,/Users/vijay/462/Project/ad_safety_pipeline/raw/compliant_general/compliant_general_000314.jpg,compliant_general,0,train
compliant_general_000269.jpg,/Users/vijay/462/Project/ad_safety_pipeline/raw/compliant_general/compliant_general_000269.jpg,compliant_general,0,train
alcohol_tobacco_000071.jpg,/Users/vijay/462/Project/ad_safety_pipeline/raw/alcohol_tobacco/alcohol_tobacco_000071.jpg,alcohol_tobacco,1,train
compliant_general_000530.jpg,/Users/vijay/462/Project/ad_safety_pipeline/raw/compliant_general/compliant_general_000530.jpg,compliant_general,0,train
weapon_000110.jpg,/Users/vijay/462/Project/ad_safety_pipeline/raw/weapon/weapon_000110.jpg,weapon,1,train
weapon_000042.jpg,/Users/vijay/462/Project/ad_safety_pipeline/raw/weapon/weapon_000042.jpg,weapon,1,train
compliant_general_000561.jpg,/Users/vijay/462/Project/ad_safety_pipeline/raw/compliant_general/compliant_general_000561.jpg,compliant_general,0,train
alcohol_tobacco_000093.jpg,/Users/vijay/462/Project/ad_safety_pipeline/raw/alcohol_tobacco/alcohol_tobacco_000093.jpg,alcohol_tobacco,1,train
compliant_general_000322.jpg,/Users/vijay/462/Project/ad_safety_pipeline/raw/compliant_general/compliant_general_000322.jpg,compliant_general,0,train
weapon_000052.jpg,/Users/vijay/462/Project/ad_safety_pipeline/raw/weapon/weapon_000052.jpg,weapon,1,train
compliant_general_000049.jpg,/Users/vijay/462/Project/ad_safety_pipeline/raw/compliant_general/compliant_general_000049.jpg,compliant_general,0,train
compliant_general_000494.jpg,/Users/vijay/462/Project/ad_safety_pipeline/raw/compliant_general/compliant_general_000494.jpg,compliant_general,0,train
compliant_general_000396.jpg,/Users/vijay/462/Project/ad_safety_pipeline/raw/compliant_general/compliant_general_000396.jpg,compliant_general,0,train
compliant_general_000805.jpg,/Users/vijay/462/Project/ad_safety_pipeline/raw/compliant_general/compliant_general_000805.jpg,compliant_general,0,train
compliant_general_000659.jpg,/Users/vijay/462/Project/ad_safety_pipeline/raw/compliant_general/compliant_general_000659.jpg,compliant_general,0,train
alcohol_tobacco_000072.jpg,/Users/vijay/462/Project/ad_safety_pipeline/raw/alcohol_tobacco/alcohol_tobacco_000072.jpg,alcohol_tobacco,1,train
alcohol_tobacco_000026.jpg,/Users/vijay/462/Project/ad_safety_pipeline/raw/alcohol_tobacco/alcohol_tobacco_000026.jpg,alcohol_tobacco,1,train
compliant_general_000993.jpg,/Users/vijay/462/Project/ad_safety_pipeline/raw/compliant_general/compliant_general_000993.jpg,compliant_general,0,train
weapon_000080.jpg,/Users/vijay/462/Project/ad_safety_pipeline/raw/weapon/weapon_000080.jpg,weapon,1,train
compliant_general_000712.jpg,/Users/vijay/462/Project/ad_safety_pipeline/raw/compliant_general/compliant_general_000712.jpg,compliant_general,0,train
weapon_000105.jpg,/Users/vijay/462/Project/ad_safety_pipeline/raw/weapon/weapon_000105.jpg,weapon,1,train
compliant_general_000045.jpg,/Users/vijay/462/Project/ad_safety_pipeline/raw/compliant_general/compliant_general_000045.jpg,compliant_general,0,train
compliant_general_000611.jpg,/Users/vijay/462/Project/ad_safety_pipeline/raw/compliant_general/compliant_general_000611.jpg,compliant_general,0,train
compliant_beverages_000126.jpg,/Users/vijay/462/Project/ad_safety_pipeline/raw/compliant_beverages/compliant_beverages_000126.jpg,compliant_beverages,0,train
alcohol_tobacco_000054.jpg,/Users/vijay/462/Project/ad_safety_pipeline/raw/alcohol_tobacco/alcohol_tobacco_000054.jpg,alcohol_tobacco,1,train
alcohol_tobacco_000137.jpg,/Users/vijay/462/Project/ad_safety_pipeline/raw/alcohol_tobacco/alcohol_tobacco_000137.jpg,alcohol_tobacco,1,train
compliant_cutlery_000017.jpg,/Users/vijay/462/Project/ad_safety_pipeline/raw/compliant_cutlery/compliant_cutlery_000017.jpg,compliant_cutlery,0,train
compliant_beverages_000092.jpg,/Users/vijay/462/Project/ad_safety_pipeline/raw/compliant_beverages/compliant_beverages_000092.jpg,compliant_beverages,0,train
compliant_general_000248.jpg,/Users/vijay/462/Project/ad_safety_pipeline/raw/compliant_general/compliant_general_000248.jpg,compliant_general,0,train
compliant_cutlery_000044.jpg,/Users/vijay/462/Project/ad_safety_pipeline/raw/compliant_cutlery/compliant_cutlery_000044.jpg,compliant_cutlery,0,train
weapon_000097.jpg,/Users/vijay/462/Project/ad_safety_pipeline/raw/weapon/weapon_000097.jpg,weapon,1,train
compliant_general_000261.jpg,/Users/vijay/462/Project/ad_safety_pipeline/raw/compliant_general/compliant_general_000261.jpg,compliant_general,0,train
compliant_general_000241.jpg,/Users/vijay/462/Project/ad_safety_pipeline/raw/compliant_general/compliant_general_000241.jpg,compliant_general,0,train
compliant_general_000338.jpg,/Users/vijay/462/Project/ad_safety_pipeline/raw/compliant_general/compliant_general_000338.jpg,compliant_general,0,train
compliant_general_000444.jpg,/Users/vijay/462/Project/ad_safety_pipeline/raw/compliant_general/compliant_general_000444.jpg,compliant_general,0,train
weapon_000102.jpg,/Users/vijay/462/Project/ad_safety_pipeline/raw/weapon/weapon_000102.jpg,weapon,1,train
compliant_beverages_000080.jpg,/Users/vijay/462/Project/ad_safety_pipeline/raw/compliant_beverages/compliant_beverages_000080.jpg,compliant_beverages,0,train
weapon_000074.jpg,/Users/vijay/462/Project/ad_safety_pipeline/raw/weapon/weapon_000074.jpg,weapon,1,train
compliant_general_000840.jpg,/Users/vijay/462/Project/ad_safety_pipeline/raw/compliant_general/compliant_general_000840.jpg,compliant_general,0,train
compliant_general_000378.jpg,/Users/vijay/462/Project/ad_safety_pipeline/raw/compliant_general/compliant_general_000378.jpg,compliant_general,0,train
compliant_general_000859.jpg,/Users/vijay/462/Project/ad_safety_pipeline/raw/compliant_general/compliant_general_000859.jpg,compliant_general,0,train
compliant_cutlery_000012.jpg,/Users/vijay/462/Project/ad_safety_pipeline/raw/compliant_cutlery/compliant_cutlery_000012.jpg,compliant_cutlery,0,train
compliant_general_000762.jpg,/Users/vijay/462/Project/ad_safety_pipeline/raw/compliant_general/compliant_general_000762.jpg,compliant_general,0,train
compliant_general_000723.jpg,/Users/vijay/462/Project/ad_safety_pipeline/raw/compliant_general/compliant_general_000723.jpg,compliant_general,0,train
compliant_general_000237.jpg,/Users/vijay/462/Project/ad_safety_pipeline/raw/compliant_general/compliant_general_000237.jpg,compliant_general,0,train
compliant_beverages_000034.jpg,/Users/vijay/462/Project/ad_safety_pipeline/raw/compliant_beverages/compliant_beverages_000034.jpg,compliant_beverages,0,train
alcohol_tobacco_000124.jpg,/Users/vijay/462/Project/ad_safety_pipeline/raw/alcohol_tobacco/alcohol_tobacco_000124.jpg,alcohol_tobacco,1,train
compliant_general_000866.jpg,/Users/vijay/462/Project/ad_safety_pipeline/raw/compliant_general/compliant_general_000866.jpg,compliant_general,0,train
alcohol_tobacco_000156.jpg,/Users/vijay/462/Project/ad_safety_pipeline/raw/alcohol_tobacco/alcohol_tobacco_000156.jpg,alcohol_tobacco,1,train
compliant_cutlery_000015.jpg,/Users/vijay/462/Project/ad_safety_pipeline/raw/compliant_cutlery/compliant_cutlery_000015.jpg,compliant_cutlery,0,train
alcohol_tobacco_000006.jpg,/Users/vijay/462/Project/ad_safety_pipeline/raw/alcohol_tobacco/alcohol_tobacco_000006.jpg,alcohol_tobacco,1,train
compliant_general_000796.jpg,/Users/vijay/462/Project/ad_safety_pipeline/raw/compliant_general/compliant_general_000796.jpg,compliant_general,0,train
compliant_general_000177.jpg,/Users/vijay/462/Project/ad_safety_pipeline/raw/compliant_general/compliant_general_000177.jpg,compliant_general,0,train
alcohol_tobacco_000138.jpg,/Users/vijay/462/Project/ad_safety_pipeline/raw/alcohol_tobacco/alcohol_tobacco_000138.jpg,alcohol_tobacco,1,train
compliant_general_000595.jpg,/Users/vijay/462/Project/ad_safety_pipeline/raw/compliant_general/compliant_general_000595.jpg,compliant_general,0,train
compliant_general_000636.jpg,/Users/vijay/462/Project/ad_safety_pipeline/raw/compliant_general/compliant_general_000636.jpg,compliant_general,0,train
weapon_000071.jpg,/Users/vijay/462/Project/ad_safety_pipeline/raw/weapon/weapon_000071.jpg,weapon,1,train
weapon_000094.jpg,/Users/vijay/462/Project/ad_safety_pipeline/raw/weapon/weapon_000094.jpg,weapon,1,train
compliant_general_000349.jpg,/Users/vijay/462/Project/ad_safety_pipeline/raw/compliant_general/compliant_general_000349.jpg,compliant_general,0,train
weapon_000033.jpg,/Users/vijay/462/Project/ad_safety_pipeline/raw/weapon/weapon_000033.jpg,weapon,1,train
compliant_general_000602.jpg,/Users/vijay/462/Project/ad_safety_pipeline/raw/compliant_general/compliant_general_000602.jpg,compliant_general,0,train
compliant_beverages_000094.jpg,/Users/vijay/462/Project/ad_safety_pipeline/raw/compliant_beverages/compliant_beverages_000094.jpg,compliant_beverages,0,train
compliant_beverages_000091.jpg,/Users/vijay/462/Project/ad_safety_pipeline/raw/compliant_beverages/compliant_beverages_000091.jpg,compliant_beverages,0,train
compliant_general_000275.jpg,/Users/vijay/462/Project/ad_safety_pipeline/raw/compliant_general/compliant_general_000275.jpg,compliant_general,0,train
compliant_general_000220.jpg,/Users/vijay/462/Project/ad_safety_pipeline/raw/compliant_general/compliant_general_000220.jpg,compliant_general,0,train
compliant_general_000625.jpg,/Users/vijay/462/Project/ad_safety_pipeline/raw/compliant_general/compliant_general_000625.jpg,compliant_general,0,train
compliant_general_000644.jpg,/Users/vijay/462/Project/ad_safety_pipeline/raw/compliant_general/compliant_general_000644.jpg,compliant_general,0,train
compliant_general_000402.jpg,/Users/vijay/462/Project/ad_safety_pipeline/raw/compliant_general/compliant_general_000402.jpg,compliant_general,0,train
compliant_general_000537.jpg,/Users/vijay/462/Project/ad_safety_pipeline/raw/compliant_general/compliant_general_000537.jpg,compliant_general,0,train
weapon_000077.jpg,/Users/vijay/462/Project/ad_safety_pipeline/raw/weapon/weapon_000077.jpg,weapon,1,train
weapon_000084.jpg,/Users/vijay/462/Project/ad_safety_pipeline/raw/weapon/weapon_000084.jpg,weapon,1,train
compliant_general_000620.jpg,/Users/vijay/462/Project/ad_safety_pipeline/raw/compliant_general/compliant_general_000620.jpg,compliant_general,0,train
weapon_000082.jpg,/Users/vijay/462/Project/ad_safety_pipeline/raw/weapon/weapon_000082.jpg,weapon,1,train
compliant_beverages_000103.jpg,/Users/vijay/462/Project/ad_safety_pipeline/raw/compliant_beverages/compliant_beverages_000103.jpg,compliant_beverages,0,train
compliant_general_000420.jpg,/Users/vijay/462/Project/ad_safety_pipeline/raw/compliant_general/compliant_general_000420.jpg,compliant_general,0,train
compliant_general_000180.jpg,/Users/vijay/462/Project/ad_safety_pipeline/raw/compliant_general/compliant_general_000180.jpg,compliant_general,0,train
compliant_general_000486.jpg,/Users/vijay/462/Project/ad_safety_pipeline/raw/compliant_general/compliant_general_000486.jpg,compliant_general,0,train
compliant_general_000579.jpg,/Users/vijay/462/Project/ad_safety_pipeline/raw/compliant_general/compliant_general_000579.jpg,compliant_general,0,train
compliant_beverages_000082.jpg,/Users/vijay/462/Project/ad_safety_pipeline/raw/compliant_beverages/compliant_beverages_000082.jpg,compliant_beverages,0,train
compliant_general_000274.jpg,/Users/vijay/462/Project/ad_safety_pipeline/raw/compliant_general/compliant_general_000274.jpg,compliant_general,0,train
compliant_general_000148.jpg,/Users/vijay/462/Project/ad_safety_pipeline/raw/compliant_general/compliant_general_000148.jpg,compliant_general,0,train
compliant_general_000324.jpg,/Users/vijay/462/Project/ad_safety_pipeline/raw/compliant_general/compliant_general_000324.jpg,compliant_general,0,train
compliant_general_000407.jpg,/Users/vijay/462/Project/ad_safety_pipeline/raw/compliant_general/compliant_general_000407.jpg,compliant_general,0,train
compliant_general_000694.jpg,/Users/vijay/462/Project/ad_safety_pipeline/raw/compliant_general/compliant_general_000694.jpg,compliant_general,0,train
compliant_beverages_000050.jpg,/Users/vijay/462/Project/ad_safety_pipeline/raw/compliant_beverages/compliant_beverages_000050.jpg,compliant_beverages,0,train
compliant_general_000803.jpg,/Users/vijay/462/Project/ad_safety_pipeline/raw/compliant_general/compliant_general_000803.jpg,compliant_general,0,train
compliant_general_000435.jpg,/Users/vijay/462/Project/ad_safety_pipeline/raw/compliant_general/compliant_general_000435.jpg,compliant_general,0,train
compliant_general_000493.jpg,/Users/vijay/462/Project/ad_safety_pipeline/raw/compliant_general/compliant_general_000493.jpg,compliant_general,0,train
weapon_000104.jpg,/Users/vijay/462/Project/ad_safety_pipeline/raw/weapon/weapon_000104.jpg,weapon,1,train
compliant_general_000113.jpg,/Users/vijay/462/Project/ad_safety_pipeline/raw/compliant_general/compliant_general_000113.jpg,compliant_general,0,train
compliant_general_000333.jpg,/Users/vijay/462/Project/ad_safety_pipeline/raw/compliant_general/compliant_general_000333.jpg,compliant_general,0,train
compliant_general_000192.jpg,/Users/vijay/462/Project/ad_safety_pipeline/raw/compliant_general/compliant_general_000192.jpg,compliant_general,0,train
compliant_general_000450.jpg,/Users/vijay/462/Project/ad_safety_pipeline/raw/compliant_general/compliant_general_000450.jpg,compliant_general,0,train
compliant_general_000879.jpg,/Users/vijay/462/Project/ad_safety_pipeline/raw/compliant_general/compliant_general_000879.jpg,compliant_general,0,train
weapon_000062.jpg,/Users/vijay/462/Project/ad_safety_pipeline/raw/weapon/weapon_000062.jpg,weapon,1,train
alcohol_tobacco_000170.jpg,/Users/vijay/462/Project/ad_safety_pipeline/raw/alcohol_tobacco/alcohol_tobacco_000170.jpg,alcohol_tobacco,1,train
compliant_general_000282.jpg,/Users/vijay/462/Project/ad_safety_pipeline/raw/compliant_general/compliant_general_000282.jpg,compliant_general,0,train
compliant_general_000513.jpg,/Users/vijay/462/Project/ad_safety_pipeline/raw/compliant_general/compliant_general_000513.jpg,compliant_general,0,train
alcohol_tobacco_000127.jpg,/Users/vijay/462/Project/ad_safety_pipeline/raw/alcohol_tobacco/alcohol_tobacco_000127.jpg,alcohol_tobacco,1,train
alcohol_tobacco_000112.jpg,/Users/vijay/462/Project/ad_safety_pipeline/raw/alcohol_tobacco/alcohol_tobacco_000112.jpg,alcohol_tobacco,1,train
alcohol_tobacco_000034.jpg,/Users/vijay/462/Project/ad_safety_pipeline/raw/alcohol_tobacco/alcohol_tobacco_000034.jpg,alcohol_tobacco,1,train
compliant_general_000898.jpg,/Users/vijay/462/Project/ad_safety_pipeline/raw/compliant_general/compliant_general_000898.jpg,compliant_general,0,train
compliant_beverages_000019.jpg,/Users/vijay/462/Project/ad_safety_pipeline/raw/compliant_beverages/compliant_beverages_000019.jpg,compliant_beverages,0,train
compliant_general_000784.jpg,/Users/vijay/462/Project/ad_safety_pipeline/raw/compliant_general/compliant_general_000784.jpg,compliant_general,0,train
alcohol_tobacco_000007.jpg,/Users/vijay/462/Project/ad_safety_pipeline/raw/alcohol_tobacco/alcohol_tobacco_000007.jpg,alcohol_tobacco,1,train
compliant_general_000628.jpg,/Users/vijay/462/Project/ad_safety_pipeline/raw/compliant_general/compliant_general_000628.jpg,compliant_general,0,train
alcohol_tobacco_000139.jpg,/Users/vijay/462/Project/ad_safety_pipeline/raw/alcohol_tobacco/alcohol_tobacco_000139.jpg,alcohol_tobacco,1,train
compliant_general_000944.jpg,/Users/vijay/462/Project/ad_safety_pipeline/raw/compliant_general/compliant_general_000944.jpg,compliant_general,0,train
compliant_general_000540.jpg,/Users/vijay/462/Project/ad_safety_pipeline/raw/compliant_general/compliant_general_000540.jpg,compliant_general,0,train
weapon_000009.jpg,/Users/vijay/462/Project/ad_safety_pipeline/raw/weapon/weapon_000009.jpg,weapon,1,train
compliant_beverages_000095.jpg,/Users/vijay/462/Project/ad_safety_pipeline/raw/compliant_beverages/compliant_beverages_000095.jpg,compliant_beverages,0,train
compliant_general_000522.jpg,/Users/vijay/462/Project/ad_safety_pipeline/raw/compliant_general/compliant_general_000522.jpg,compliant_general,0,train
compliant_general_000212.jpg,/Users/vijay/462/Project/ad_safety_pipeline/raw/compliant_general/compliant_general_000212.jpg,compliant_general,0,train
alcohol_tobacco_000144.jpg,/Users/vijay/462/Project/ad_safety_pipeline/raw/alcohol_tobacco/alcohol_tobacco_000144.jpg,alcohol_tobacco,1,train
compliant_general_000097.jpg,/Users/vijay/462/Project/ad_safety_pipeline/raw/compliant_general/compliant_general_000097.jpg,compliant_general,0,train
compliant_beverages_000035.jpg,/Users/vijay/462/Project/ad_safety_pipeline/raw/compliant_beverages/compliant_beverages_000035.jpg,compliant_beverages,0,train
compliant_general_000936.jpg,/Users/vijay/462/Project/ad_safety_pipeline/raw/compliant_general/compliant_general_000936.jpg,compliant_general,0,train
compliant_general_000700.jpg,/Users/vijay/462/Project/ad_safety_pipeline/raw/compliant_general/compliant_general_000700.jpg,compliant_general,0,train
compliant_general_000061.jpg,/Users/vijay/462/Project/ad_safety_pipeline/raw/compliant_general/compliant_general_000061.jpg,compliant_general,0,train
compliant_general_000787.jpg,/Users/vijay/462/Project/ad_safety_pipeline/raw/compliant_general/compliant_general_000787.jpg,compliant_general,0,train
compliant_general_000637.jpg,/Users/vijay/462/Project/ad_safety_pipeline/raw/compliant_general/compliant_general_000637.jpg,compliant_general,0,train
compliant_beverages_000106.jpg,/Users/vijay/462/Project/ad_safety_pipeline/raw/compliant_beverages/compliant_beverages_000106.jpg,compliant_beverages,0,train
compliant_general_000227.jpg,/Users/vijay/462/Project/ad_safety_pipeline/raw/compliant_general/compliant_general_000227.jpg,compliant_general,0,train
compliant_general_000881.jpg,/Users/vijay/462/Project/ad_safety_pipeline/raw/compliant_general/compliant_general_000881.jpg,compliant_general,0,train
alcohol_tobacco_000033.jpg,/Users/vijay/462/Project/ad_safety_pipeline/raw/alcohol_tobacco/alcohol_tobacco_000033.jpg,alcohol_tobacco,1,train
compliant_general_000005.jpg,/Users/vijay/462/Project/ad_safety_pipeline/raw/compliant_general/compliant_general_000005.jpg,compliant_general,0,train
compliant_general_000600.jpg,/Users/vijay/462/Project/ad_safety_pipeline/raw/compliant_general/compliant_general_000600.jpg,compliant_general,0,train
compliant_general_000243.jpg,/Users/vijay/462/Project/ad_safety_pipeline/raw/compliant_general/compliant_general_000243.jpg,compliant_general,0,train
compliant_general_000884.jpg,/Users/vijay/462/Project/ad_safety_pipeline/raw/compliant_general/compliant_general_000884.jpg,compliant_general,0,train
compliant_general_000235.jpg,/Users/vijay/462/Project/ad_safety_pipeline/raw/compliant_general/compliant_general_000235.jpg,compliant_general,0,train
compliant_general_000043.jpg,/Users/vijay/462/Project/ad_safety_pipeline/raw/compliant_general/compliant_general_000043.jpg,compliant_general,0,train
alcohol_tobacco_000066.jpg,/Users/vijay/462/Project/ad_safety_pipeline/raw/alcohol_tobacco/alcohol_tobacco_000066.jpg,alcohol_tobacco,1,train
compliant_general_000946.jpg,/Users/vijay/462/Project/ad_safety_pipeline/raw/compliant_general/compliant_general_000946.jpg,compliant_general,0,train
compliant_general_000201.jpg,/Users/vijay/462/Project/ad_safety_pipeline/raw/compliant_general/compliant_general_000201.jpg,compliant_general,0,train
compliant_general_000442.jpg,/Users/vijay/462/Project/ad_safety_pipeline/raw/compliant_general/compliant_general_000442.jpg,compliant_general,0,train
compliant_general_000551.jpg,/Users/vijay/462/Project/ad_safety_pipeline/raw/compliant_general/compliant_general_000551.jpg,compliant_general,0,train
compliant_general_000377.jpg,/Users/vijay/462/Project/ad_safety_pipeline/raw/compliant_general/compliant_general_000377.jpg,compliant_general,0,train
compliant_general_000601.jpg,/Users/vijay/462/Project/ad_safety_pipeline/raw/compliant_general/compliant_general_000601.jpg,compliant_general,0,train
compliant_general_000992.jpg,/Users/vijay/462/Project/ad_safety_pipeline/raw/compliant_general/compliant_general_000992.jpg,compliant_general,0,train
weapon_000007.jpg,/Users/vijay/462/Project/ad_safety_pipeline/raw/weapon/weapon_000007.jpg,weapon,1,train
compliant_general_000597.jpg,/Users/vijay/462/Project/ad_safety_pipeline/raw/compliant_general/compliant_general_000597.jpg,compliant_general,0,train
compliant_general_000171.jpg,/Users/vijay/462/Project/ad_safety_pipeline/raw/compliant_general/compliant_general_000171.jpg,compliant_general,0,train
compliant_general_000661.jpg,/Users/vijay/462/Project/ad_safety_pipeline/raw/compliant_general/compliant_general_000661.jpg,compliant_general,0,train
compliant_beverages_000003.jpg,/Users/vijay/462/Project/ad_safety_pipeline/raw/compliant_beverages/compliant_beverages_000003.jpg,compliant_beverages,0,train
compliant_general_000287.jpg,/Users/vijay/462/Project/ad_safety_pipeline/raw/compliant_general/compliant_general_000287.jpg,compliant_general,0,train
compliant_general_000239.jpg,/Users/vijay/462/Project/ad_safety_pipeline/raw/compliant_general/compliant_general_000239.jpg,compliant_general,0,train
compliant_cutlery_000039.jpg,/Users/vijay/462/Project/ad_safety_pipeline/raw/compliant_cutlery/compliant_cutlery_000039.jpg,compliant_cutlery,0,train
compliant_general_000557.jpg,/Users/vijay/462/Project/ad_safety_pipeline/raw/compliant_general/compliant_general_000557.jpg,compliant_general,0,train
compliant_general_000649.jpg,/Users/vijay/462/Project/ad_safety_pipeline/raw/compliant_general/compliant_general_000649.jpg,compliant_general,0,train
compliant_general_000648.jpg,/Users/vijay/462/Project/ad_safety_pipeline/raw/compliant_general/compliant_general_000648.jpg,compliant_general,0,train
alcohol_tobacco_000147.jpg,/Users/vijay/462/Project/ad_safety_pipeline/raw/alcohol_tobacco/alcohol_tobacco_000147.jpg,alcohol_tobacco,1,train
compliant_general_000676.jpg,/Users/vijay/462/Project/ad_safety_pipeline/raw/compliant_general/compliant_general_000676.jpg,compliant_general,0,train
compliant_beverages_000018.jpg,/Users/vijay/462/Project/ad_safety_pipeline/raw/compliant_beverages/compliant_beverages_000018.jpg,compliant_beverages,0,train
compliant_general_000605.jpg,/Users/vijay/462/Project/ad_safety_pipeline/raw/compliant_general/compliant_general_000605.jpg,compliant_general,0,train
compliant_general_000427.jpg,/Users/vijay/462/Project/ad_safety_pipeline/raw/compliant_general/compliant_general_000427.jpg,compliant_general,0,train
alcohol_tobacco_000031.jpg,/Users/vijay/462/Project/ad_safety_pipeline/raw/alcohol_tobacco/alcohol_tobacco_000031.jpg,alcohol_tobacco,1,train
compliant_general_000029.jpg,/Users/vijay/462/Project/ad_safety_pipeline/raw/compliant_general/compliant_general_000029.jpg,compliant_general,0,train
compliant_general_000739.jpg,/Users/vijay/462/Project/ad_safety_pipeline/raw/compliant_general/compliant_general_000739.jpg,compliant_general,0,train
compliant_general_000509.jpg,/Users/vijay/462/Project/ad_safety_pipeline/raw/compliant_general/compliant_general_000509.jpg,compliant_general,0,train
compliant_general_000623.jpg,/Users/vijay/462/Project/ad_safety_pipeline/raw/compliant_general/compliant_general_000623.jpg,compliant_general,0,train
compliant_general_000923.jpg,/Users/vijay/462/Project/ad_safety_pipeline/raw/compliant_general/compliant_general_000923.jpg,compliant_general,0,train
compliant_beverages_000086.jpg,/Users/vijay/462/Project/ad_safety_pipeline/raw/compliant_beverages/compliant_beverages_000086.jpg,compliant_beverages,0,train
compliant_general_000035.jpg,/Users/vijay/462/Project/ad_safety_pipeline/raw/compliant_general/compliant_general_000035.jpg,compliant_general,0,train
compliant_general_000701.jpg,/Users/vijay/462/Project/ad_safety_pipeline/raw/compliant_general/compliant_general_000701.jpg,compliant_general,0,train
alcohol_tobacco_000115.jpg,/Users/vijay/462/Project/ad_safety_pipeline/raw/alcohol_tobacco/alcohol_tobacco_000115.jpg,alcohol_tobacco,1,train
compliant_general_000538.jpg,/Users/vijay/462/Project/ad_safety_pipeline/raw/compliant_general/compliant_general_000538.jpg,compliant_general,0,train
alcohol_tobacco_000117.jpg,/Users/vijay/462/Project/ad_safety_pipeline/raw/alcohol_tobacco/alcohol_tobacco_000117.jpg,alcohol_tobacco,1,train
compliant_general_000914.jpg,/Users/vijay/462/Project/ad_safety_pipeline/raw/compliant_general/compliant_general_000914.jpg,compliant_general,0,train
compliant_general_000797.jpg,/Users/vijay/462/Project/ad_safety_pipeline/raw/compliant_general/compliant_general_000797.jpg,compliant_general,0,train
alcohol_tobacco_000101.jpg,/Users/vijay/462/Project/ad_safety_pipeline/raw/alcohol_tobacco/alcohol_tobacco_000101.jpg,alcohol_tobacco,1,train
weapon_000079.jpg,/Users/vijay/462/Project/ad_safety_pipeline/raw/weapon/weapon_000079.jpg,weapon,1,train
alcohol_tobacco_000037.jpg,/Users/vijay/462/Project/ad_safety_pipeline/raw/alcohol_tobacco/alcohol_tobacco_000037.jpg,alcohol_tobacco,1,train
compliant_general_000318.jpg,/Users/vijay/462/Project/ad_safety_pipeline/raw/compliant_general/compliant_general_000318.jpg,compliant_general,0,train
compliant_general_000405.jpg,/Users/vijay/462/Project/ad_safety_pipeline/raw/compliant_general/compliant_general_000405.jpg,compliant_general,0,train
compliant_general_000414.jpg,/Users/vijay/462/Project/ad_safety_pipeline/raw/compliant_general/compliant_general_000414.jpg,compliant_general,0,train
compliant_general_000175.jpg,/Users/vijay/462/Project/ad_safety_pipeline/raw/compliant_general/compliant_general_000175.jpg,compliant_general,0,train
compliant_general_000895.jpg,/Users/vijay/462/Project/ad_safety_pipeline/raw/compliant_general/compliant_general_000895.jpg,compliant_general,0,train
compliant_general_000059.jpg,/Users/vijay/462/Project/ad_safety_pipeline/raw/compliant_general/compliant_general_000059.jpg,compliant_general,0,train
compliant_general_000409.jpg,/Users/vijay/462/Project/ad_safety_pipeline/raw/compliant_general/compliant_general_000409.jpg,compliant_general,0,train
alcohol_tobacco_000022.jpg,/Users/vijay/462/Project/ad_safety_pipeline/raw/alcohol_tobacco/alcohol_tobacco_000022.jpg,alcohol_tobacco,1,train
compliant_general_000610.jpg,/Users/vijay/462/Project/ad_safety_pipeline/raw/compliant_general/compliant_general_000610.jpg,compliant_general,0,train
compliant_general_000327.jpg,/Users/vijay/462/Project/ad_safety_pipeline/raw/compliant_general/compliant_general_000327.jpg,compliant_general,0,train
compliant_beverages_000054.jpg,/Users/vijay/462/Project/ad_safety_pipeline/raw/compliant_beverages/compliant_beverages_000054.jpg,compliant_beverages,0,train
compliant_beverages_000014.jpg,/Users/vijay/462/Project/ad_safety_pipeline/raw/compliant_beverages/compliant_beverages_000014.jpg,compliant_beverages,0,train
compliant_general_000011.jpg,/Users/vijay/462/Project/ad_safety_pipeline/raw/compliant_general/compliant_general_000011.jpg,compliant_general,0,train
compliant_general_000682.jpg,/Users/vijay/462/Project/ad_safety_pipeline/raw/compliant_general/compliant_general_000682.jpg,compliant_general,0,train
compliant_general_000008.jpg,/Users/vijay/462/Project/ad_safety_pipeline/raw/compliant_general/compliant_general_000008.jpg,compliant_general,0,train
compliant_general_000832.jpg,/Users/vijay/462/Project/ad_safety_pipeline/raw/compliant_general/compliant_general_000832.jpg,compliant_general,0,train
compliant_cutlery_000057.jpg,/Users/vijay/462/Project/ad_safety_pipeline/raw/compliant_cutlery/compliant_cutlery_000057.jpg,compliant_cutlery,0,train
compliant_beverages_000032.jpg,/Users/vijay/462/Project/ad_safety_pipeline/raw/compliant_beverages/compliant_beverages_000032.jpg,compliant_beverages,0,train
weapon_000000.jpg,/Users/vijay/462/Project/ad_safety_pipeline/raw/weapon/weapon_000000.jpg,weapon,1,train
compliant_beverages_000006.jpg,/Users/vijay/462/Project/ad_safety_pipeline/raw/compliant_beverages/compliant_beverages_000006.jpg,compliant_beverages,0,train
compliant_general_000398.jpg,/Users/vijay/462/Project/ad_safety_pipeline/raw/compliant_general/compliant_general_000398.jpg,compliant_general,0,train
compliant_general_000332.jpg,/Users/vijay/462/Project/ad_safety_pipeline/raw/compliant_general/compliant_general_000332.jpg,compliant_general,0,train
compliant_general_000930.jpg,/Users/vijay/462/Project/ad_safety_pipeline/raw/compliant_general/compliant_general_000930.jpg,compliant_general,0,train
compliant_beverages_000121.jpg,/Users/vijay/462/Project/ad_safety_pipeline/raw/compliant_beverages/compliant_beverages_000121.jpg,compliant_beverages,0,train
compliant_general_000780.jpg,/Users/vijay/462/Project/ad_safety_pipeline/raw/compliant_general/compliant_general_000780.jpg,compliant_general,0,train
weapon_000057.jpg,/Users/vijay/462/Project/ad_safety_pipeline/raw/weapon/weapon_000057.jpg,weapon,1,train
compliant_general_000141.jpg,/Users/vijay/462/Project/ad_safety_pipeline/raw/compliant_general/compliant_general_000141.jpg,compliant_general,0,train
compliant_general_000806.jpg,/Users/vijay/462/Project/ad_safety_pipeline/raw/compliant_general/compliant_general_000806.jpg,compliant_general,0,train
compliant_general_000834.jpg,/Users/vijay/462/Project/ad_safety_pipeline/raw/compliant_general/compliant_general_000834.jpg,compliant_general,0,train
compliant_general_000812.jpg,/Users/vijay/462/Project/ad_safety_pipeline/raw/compliant_general/compliant_general_000812.jpg,compliant_general,0,train
alcohol_tobacco_000061.jpg,/Users/vijay/462/Project/ad_safety_pipeline/raw/alcohol_tobacco/alcohol_tobacco_000061.jpg,alcohol_tobacco,1,train
compliant_beverages_000096.jpg,/Users/vijay/462/Project/ad_safety_pipeline/raw/compliant_beverages/compliant_beverages_000096.jpg,compliant_beverages,0,train
alcohol_tobacco_000014.jpg,/Users/vijay/462/Project/ad_safety_pipeline/raw/alcohol_tobacco/alcohol_tobacco_000014.jpg,alcohol_tobacco,1,train
compliant_general_000482.jpg,/Users/vijay/462/Project/ad_safety_pipeline/raw/compliant_general/compliant_general_000482.jpg,compliant_general,0,train
compliant_general_000034.jpg,/Users/vijay/462/Project/ad_safety_pipeline/raw/compliant_general/compliant_general_000034.jpg,compliant_general,0,train
compliant_general_000361.jpg,/Users/vijay/462/Project/ad_safety_pipeline/raw/compliant_general/compliant_general_000361.jpg,compliant_general,0,train
compliant_general_000217.jpg,/Users/vijay/462/Project/ad_safety_pipeline/raw/compliant_general/compliant_general_000217.jpg,compliant_general,0,train
weapon_000090.jpg,/Users/vijay/462/Project/ad_safety_pipeline/raw/weapon/weapon_000090.jpg,weapon,1,train
compliant_general_000950.jpg,/Users/vijay/462/Project/ad_safety_pipeline/raw/compliant_general/compliant_general_000950.jpg,compliant_general,0,train
alcohol_tobacco_000070.jpg,/Users/vijay/462/Project/ad_safety_pipeline/raw/alcohol_tobacco/alcohol_tobacco_000070.jpg,alcohol_tobacco,1,train
compliant_general_000379.jpg,/Users/vijay/462/Project/ad_safety_pipeline/raw/compliant_general/compliant_general_000379.jpg,compliant_general,0,train
compliant_general_000510.jpg,/Users/vijay/462/Project/ad_safety_pipeline/raw/compliant_general/compliant_general_000510.jpg,compliant_general,0,train
compliant_general_000290.jpg,/Users/vijay/462/Project/ad_safety_pipeline/raw/compliant_general/compliant_general_000290.jpg,compliant_general,0,train
compliant_beverages_000060.jpg,/Users/vijay/462/Project/ad_safety_pipeline/raw/compliant_beverages/compliant_beverages_000060.jpg,compliant_beverages,0,train
alcohol_tobacco_000140.jpg,/Users/vijay/462/Project/ad_safety_pipeline/raw/alcohol_tobacco/alcohol_tobacco_000140.jpg,alcohol_tobacco,1,train
weapon_000069.jpg,/Users/vijay/462/Project/ad_safety_pipeline/raw/weapon/weapon_000069.jpg,weapon,1,train
compliant_general_000307.jpg,/Users/vijay/462/Project/ad_safety_pipeline/raw/compliant_general/compliant_general_000307.jpg,compliant_general,0,train
alcohol_tobacco_000020.jpg,/Users/vijay/462/Project/ad_safety_pipeline/raw/alcohol_tobacco/alcohol_tobacco_000020.jpg,alcohol_tobacco,1,train
compliant_cutlery_000010.jpg,/Users/vijay/462/Project/ad_safety_pipeline/raw/compliant_cutlery/compliant_cutlery_000010.jpg,compliant_cutlery,0,train
compliant_general_000527.jpg,/Users/vijay/462/Project/ad_safety_pipeline/raw/compliant_general/compliant_general_000527.jpg,compliant_general,0,train
compliant_cutlery_000036.jpg,/Users/vijay/462/Project/ad_safety_pipeline/raw/compliant_cutlery/compliant_cutlery_000036.jpg,compliant_cutlery,0,train
compliant_general_000964.jpg,/Users/vijay/462/Project/ad_safety_pipeline/raw/compliant_general/compliant_general_000964.jpg,compliant_general,0,train
compliant_general_000615.jpg,/Users/vijay/462/Project/ad_safety_pipeline/raw/compliant_general/compliant_general_000615.jpg,compliant_general,0,train
compliant_general_000003.jpg,/Users/vijay/462/Project/ad_safety_pipeline/raw/compliant_general/compliant_general_000003.jpg,compliant_general,0,train
compliant_general_000517.jpg,/Users/vijay/462/Project/ad_safety_pipeline/raw/compliant_general/compliant_general_000517.jpg,compliant_general,0,train
compliant_general_000336.jpg,/Users/vijay/462/Project/ad_safety_pipeline/raw/compliant_general/compliant_general_000336.jpg,compliant_general,0,train
compliant_beverages_000010.jpg,/Users/vijay/462/Project/ad_safety_pipeline/raw/compliant_beverages/compliant_beverages_000010.jpg,compliant_beverages,0,train
compliant_beverages_000141.jpg,/Users/vijay/462/Project/ad_safety_pipeline/raw/compliant_beverages/compliant_beverages_000141.jpg,compliant_beverages,0,train
compliant_general_000937.jpg,/Users/vijay/462/Project/ad_safety_pipeline/raw/compliant_general/compliant_general_000937.jpg,compliant_general,0,train
compliant_cutlery_000048.jpg,/Users/vijay/462/Project/ad_safety_pipeline/raw/compliant_cutlery/compliant_cutlery_000048.jpg,compliant_cutlery,0,train
compliant_beverages_000067.jpg,/Users/vijay/462/Project/ad_safety_pipeline/raw/compliant_beverages/compliant_beverages_000067.jpg,compliant_beverages,0,train
alcohol_tobacco_000053.jpg,/Users/vijay/462/Project/ad_safety_pipeline/raw/alcohol_tobacco/alcohol_tobacco_000053.jpg,alcohol_tobacco,1,train
weapon_000028.jpg,/Users/vijay/462/Project/ad_safety_pipeline/raw/weapon/weapon_000028.jpg,weapon,1,train
compliant_general_000020.jpg,/Users/vijay/462/Project/ad_safety_pipeline/raw/compliant_general/compliant_general_000020.jpg,compliant_general,0,train
alcohol_tobacco_000082.jpg,/Users/vijay/462/Project/ad_safety_pipeline/raw/alcohol_tobacco/alcohol_tobacco_000082.jpg,alcohol_tobacco,1,train
compliant_general_000474.jpg,/Users/vijay/462/Project/ad_safety_pipeline/raw/compliant_general/compliant_general_000474.jpg,compliant_general,0,train
compliant_general_000861.jpg,/Users/vijay/462/Project/ad_safety_pipeline/raw/compliant_general/compliant_general_000861.jpg,compliant_general,0,train
compliant_general_000449.jpg,/Users/vijay/462/Project/ad_safety_pipeline/raw/compliant_general/compliant_general_000449.jpg,compliant_general,0,train
compliant_general_000860.jpg,/Users/vijay/462/Project/ad_safety_pipeline/raw/compliant_general/compliant_general_000860.jpg,compliant_general,0,train
alcohol_tobacco_000058.jpg,/Users/vijay/462/Project/ad_safety_pipeline/raw/alcohol_tobacco/alcohol_tobacco_000058.jpg,alcohol_tobacco,1,train
alcohol_tobacco_000056.jpg,/Users/vijay/462/Project/ad_safety_pipeline/raw/alcohol_tobacco/alcohol_tobacco_000056.jpg,alcohol_tobacco,1,train
compliant_general_000156.jpg,/Users/vijay/462/Project/ad_safety_pipeline/raw/compliant_general/compliant_general_000156.jpg,compliant_general,0,train
alcohol_tobacco_000062.jpg,/Users/vijay/462/Project/ad_safety_pipeline/raw/alcohol_tobacco/alcohol_tobacco_000062.jpg,alcohol_tobacco,1,train
compliant_general_000022.jpg,/Users/vijay/462/Project/ad_safety_pipeline/raw/compliant_general/compliant_general_000022.jpg,compliant_general,0,train
compliant_general_000713.jpg,/Users/vijay/462/Project/ad_safety_pipeline/raw/compliant_general/compliant_general_000713.jpg,compliant_general,0,train
compliant_general_000681.jpg,/Users/vijay/462/Project/ad_safety_pipeline/raw/compliant_general/compliant_general_000681.jpg,compliant_general,0,train
compliant_general_000416.jpg,/Users/vijay/462/Project/ad_safety_pipeline/raw/compliant_general/compliant_general_000416.jpg,compliant_general,0,train
compliant_beverages_000137.jpg,/Users/vijay/462/Project/ad_safety_pipeline/raw/compliant_beverages/compliant_beverages_000137.jpg,compliant_beverages,0,train
compliant_general_000457.jpg,/Users/vijay/462/Project/ad_safety_pipeline/raw/compliant_general/compliant_general_000457.jpg,compliant_general,0,train
weapon_000073.jpg,/Users/vijay/462/Project/ad_safety_pipeline/raw/weapon/weapon_000073.jpg,weapon,1,train
compliant_general_000804.jpg,/Users/vijay/462/Project/ad_safety_pipeline/raw/compliant_general/compliant_general_000804.jpg,compliant_general,0,train
compliant_general_000091.jpg,/Users/vijay/462/Project/ad_safety_pipeline/raw/compliant_general/compliant_general_000091.jpg,compliant_general,0,train
compliant_general_000254.jpg,/Users/vijay/462/Project/ad_safety_pipeline/raw/compliant_general/compliant_general_000254.jpg,compliant_general,0,train
compliant_general_000161.jpg,/Users/vijay/462/Project/ad_safety_pipeline/raw/compliant_general/compliant_general_000161.jpg,compliant_general,0,train
compliant_general_000346.jpg,/Users/vijay/462/Project/ad_safety_pipeline/raw/compliant_general/compliant_general_000346.jpg,compliant_general,0,train
alcohol_tobacco_000123.jpg,/Users/vijay/462/Project/ad_safety_pipeline/raw/alcohol_tobacco/alcohol_tobacco_000123.jpg,alcohol_tobacco,1,train
compliant_general_000236.jpg,/Users/vijay/462/Project/ad_safety_pipeline/raw/compliant_general/compliant_general_000236.jpg,compliant_general,0,train
alcohol_tobacco_000103.jpg,/Users/vijay/462/Project/ad_safety_pipeline/raw/alcohol_tobacco/alcohol_tobacco_000103.jpg,alcohol_tobacco,1,train
alcohol_tobacco_000051.jpg,/Users/vijay/462/Project/ad_safety_pipeline/raw/alcohol_tobacco/alcohol_tobacco_000051.jpg,alcohol_tobacco,1,train
alcohol_tobacco_000021.jpg,/Users/vijay/462/Project/ad_safety_pipeline/raw/alcohol_tobacco/alcohol_tobacco_000021.jpg,alcohol_tobacco,1,train
compliant_general_000606.jpg,/Users/vijay/462/Project/ad_safety_pipeline/raw/compliant_general/compliant_general_000606.jpg,compliant_general,0,train
alcohol_tobacco_000111.jpg,/Users/vijay/462/Project/ad_safety_pipeline/raw/alcohol_tobacco/alcohol_tobacco_000111.jpg,alcohol_tobacco,1,train
compliant_general_000727.jpg,/Users/vijay/462/Project/ad_safety_pipeline/raw/compliant_general/compliant_general_000727.jpg,compliant_general,0,train
compliant_general_000438.jpg,/Users/vijay/462/Project/ad_safety_pipeline/raw/compliant_general/compliant_general_000438.jpg,compliant_general,0,train
alcohol_tobacco_000074.jpg,/Users/vijay/462/Project/ad_safety_pipeline/raw/alcohol_tobacco/alcohol_tobacco_000074.jpg,alcohol_tobacco,1,train
weapon_000041.jpg,/Users/vijay/462/Project/ad_safety_pipeline/raw/weapon/weapon_000041.jpg,weapon,1,train
compliant_general_000196.jpg,/Users/vijay/462/Project/ad_safety_pipeline/raw/compliant_general/compliant_general_000196.jpg,compliant_general,0,train
weapon_000108.jpg,/Users/vijay/462/Project/ad_safety_pipeline/raw/weapon/weapon_000108.jpg,weapon,1,train
weapon_000038.jpg,/Users/vijay/462/Project/ad_safety_pipeline/raw/weapon/weapon_000038.jpg,weapon,1,train
compliant_general_000072.jpg,/Users/vijay/462/Project/ad_safety_pipeline/raw/compliant_general/compliant_general_000072.jpg,compliant_general,0,train
compliant_general_000632.jpg,/Users/vijay/462/Project/ad_safety_pipeline/raw/compliant_general/compliant_general_000632.jpg,compliant_general,0,train
compliant_general_000766.jpg,/Users/vijay/462/Project/ad_safety_pipeline/raw/compliant_general/compliant_general_000766.jpg,compliant_general,0,train
compliant_general_000979.jpg,/Users/vijay/462/Project/ad_safety_pipeline/raw/compliant_general/compliant_general_000979.jpg,compliant_general,0,train
compliant_beverages_000129.jpg,/Users/vijay/462/Project/ad_safety_pipeline/raw/compliant_beverages/compliant_beverages_000129.jpg,compliant_beverages,0,train
compliant_beverages_000114.jpg,/Users/vijay/462/Project/ad_safety_pipeline/raw/compliant_beverages/compliant_beverages_000114.jpg,compliant_beverages,0,train
compliant_general_000394.jpg,/Users/vijay/462/Project/ad_safety_pipeline/raw/compliant_general/compliant_general_000394.jpg,compliant_general,0,train
compliant_general_000451.jpg,/Users/vijay/462/Project/ad_safety_pipeline/raw/compliant_general/compliant_general_000451.jpg,compliant_general,0,train
weapon_000024.jpg,/Users/vijay/462/Project/ad_safety_pipeline/raw/weapon/weapon_000024.jpg,weapon,1,train
compliant_general_000511.jpg,/Users/vijay/462/Project/ad_safety_pipeline/raw/compliant_general/compliant_general_000511.jpg,compliant_general,0,train
compliant_general_000693.jpg,/Users/vijay/462/Project/ad_safety_pipeline/raw/compliant_general/compliant_general_000693.jpg,compliant_general,0,train
weapon_000068.jpg,/Users/vijay/462/Project/ad_safety_pipeline/raw/weapon/weapon_000068.jpg,weapon,1,train
compliant_general_000388.jpg,/Users/vijay/462/Project/ad_safety_pipeline/raw/compliant_general/compliant_general_000388.jpg,compliant_general,0,train
compliant_general_000764.jpg,/Users/vijay/462/Project/ad_safety_pipeline/raw/compliant_general/compliant_general_000764.jpg,compliant_general,0,train
compliant_beverages_000012.jpg,/Users/vijay/462/Project/ad_safety_pipeline/raw/compliant_beverages/compliant_beverages_000012.jpg,compliant_beverages,0,train
compliant_general_000009.jpg,/Users/vijay/462/Project/ad_safety_pipeline/raw/compliant_general/compliant_general_000009.jpg,compliant_general,0,train
compliant_general_000354.jpg,/Users/vijay/462/Project/ad_safety_pipeline/raw/compliant_general/compliant_general_000354.jpg,compliant_general,0,train
compliant_general_000815.jpg,/Users/vijay/462/Project/ad_safety_pipeline/raw/compliant_general/compliant_general_000815.jpg,compliant_general,0,train
compliant_beverages_000029.jpg,/Users/vijay/462/Project/ad_safety_pipeline/raw/compliant_beverages/compliant_beverages_000029.jpg,compliant_beverages,0,train
compliant_general_000238.jpg,/Users/vijay/462/Project/ad_safety_pipeline/raw/compliant_general/compliant_general_000238.jpg,compliant_general,0,train
compliant_general_000221.jpg,/Users/vijay/462/Project/ad_safety_pipeline/raw/compliant_general/compliant_general_000221.jpg,compliant_general,0,train
compliant_general_000835.jpg,/Users/vijay/462/Project/ad_safety_pipeline/raw/compliant_general/compliant_general_000835.jpg,compliant_general,0,train
compliant_beverages_000100.jpg,/Users/vijay/462/Project/ad_safety_pipeline/raw/compliant_beverages/compliant_beverages_000100.jpg,compliant_beverages,0,train
alcohol_tobacco_000153.jpg,/Users/vijay/462/Project/ad_safety_pipeline/raw/alcohol_tobacco/alcohol_tobacco_000153.jpg,alcohol_tobacco,1,train
weapon_000075.jpg,/Users/vijay/462/Project/ad_safety_pipeline/raw/weapon/weapon_000075.jpg,weapon,1,train
compliant_general_000418.jpg,/Users/vijay/462/Project/ad_safety_pipeline/raw/compliant_general/compliant_general_000418.jpg,compliant_general,0,train
alcohol_tobacco_000121.jpg,/Users/vijay/462/Project/ad_safety_pipeline/raw/alcohol_tobacco/alcohol_tobacco_000121.jpg,alcohol_tobacco,1,train
compliant_beverages_000090.jpg,/Users/vijay/462/Project/ad_safety_pipeline/raw/compliant_beverages/compliant_beverages_000090.jpg,compliant_beverages,0,train
compliant_beverages_000041.jpg,/Users/vijay/462/Project/ad_safety_pipeline/raw/compliant_beverages/compliant_beverages_000041.jpg,compliant_beverages,0,train
compliant_general_000115.jpg,/Users/vijay/462/Project/ad_safety_pipeline/raw/compliant_general/compliant_general_000115.jpg,compliant_general,0,train
alcohol_tobacco_000065.jpg,/Users/vijay/462/Project/ad_safety_pipeline/raw/alcohol_tobacco/alcohol_tobacco_000065.jpg,alcohol_tobacco,1,train
weapon_000018.jpg,/Users/vijay/462/Project/ad_safety_pipeline/raw/weapon/weapon_000018.jpg,weapon,1,train
compliant_general_000830.jpg,/Users/vijay/462/Project/ad_safety_pipeline/raw/compliant_general/compliant_general_000830.jpg,compliant_general,0,train
compliant_general_000558.jpg,/Users/vijay/462/Project/ad_safety_pipeline/raw/compliant_general/compliant_general_000558.jpg,compliant_general,0,train
compliant_cutlery_000051.jpg,/Users/vijay/462/Project/ad_safety_pipeline/raw/compliant_cutlery/compliant_cutlery_000051.jpg,compliant_cutlery,0,train
compliant_general_000541.jpg,/Users/vijay/462/Project/ad_safety_pipeline/raw/compliant_general/compliant_general_000541.jpg,compliant_general,0,train
compliant_general_000383.jpg,/Users/vijay/462/Project/ad_safety_pipeline/raw/compliant_general/compliant_general_000383.jpg,compliant_general,0,train
compliant_general_000099.jpg,/Users/vijay/462/Project/ad_safety_pipeline/raw/compliant_general/compliant_general_000099.jpg,compliant_general,0,train
weapon_000061.jpg,/Users/vijay/462/Project/ad_safety_pipeline/raw/weapon/weapon_000061.jpg,weapon,1,train
compliant_general_000818.jpg,/Users/vijay/462/Project/ad_safety_pipeline/raw/compliant_general/compliant_general_000818.jpg,compliant_general,0,train
alcohol_tobacco_000161.jpg,/Users/vijay/462/Project/ad_safety_pipeline/raw/alcohol_tobacco/alcohol_tobacco_000161.jpg,alcohol_tobacco,1,train
compliant_general_000708.jpg,/Users/vijay/462/Project/ad_safety_pipeline/raw/compliant_general/compliant_general_000708.jpg,compliant_general,0,train
compliant_general_000376.jpg,/Users/vijay/462/Project/ad_safety_pipeline/raw/compliant_general/compliant_general_000376.jpg,compliant_general,0,train
compliant_general_000622.jpg,/Users/vijay/462/Project/ad_safety_pipeline/raw/compliant_general/compliant_general_000622.jpg,compliant_general,0,train
compliant_general_000906.jpg,/Users/vijay/462/Project/ad_safety_pipeline/raw/compliant_general/compliant_general_000906.jpg,compliant_general,0,train
alcohol_tobacco_000167.jpg,/Users/vijay/462/Project/ad_safety_pipeline/raw/alcohol_tobacco/alcohol_tobacco_000167.jpg,alcohol_tobacco,1,train
weapon_000036.jpg,/Users/vijay/462/Project/ad_safety_pipeline/raw/weapon/weapon_000036.jpg,weapon,1,train
compliant_general_000166.jpg,/Users/vijay/462/Project/ad_safety_pipeline/raw/compliant_general/compliant_general_000166.jpg,compliant_general,0,train
compliant_general_000851.jpg,/Users/vijay/462/Project/ad_safety_pipeline/raw/compliant_general/compliant_general_000851.jpg,compliant_general,0,train
compliant_general_000591.jpg,/Users/vijay/462/Project/ad_safety_pipeline/raw/compliant_general/compliant_general_000591.jpg,compliant_general,0,train
compliant_general_000481.jpg,/Users/vijay/462/Project/ad_safety_pipeline/raw/compliant_general/compliant_general_000481.jpg,compliant_general,0,train
compliant_general_000242.jpg,/Users/vijay/462/Project/ad_safety_pipeline/raw/compliant_general/compliant_general_000242.jpg,compliant_general,0,train
alcohol_tobacco_000080.jpg,/Users/vijay/462/Project/ad_safety_pipeline/raw/alcohol_tobacco/alcohol_tobacco_000080.jpg,alcohol_tobacco,1,train
compliant_general_000423.jpg,/Users/vijay/462/Project/ad_safety_pipeline/raw/compliant_general/compliant_general_000423.jpg,compliant_general,0,train
compliant_beverages_000102.jpg,/Users/vijay/462/Project/ad_safety_pipeline/raw/compliant_beverages/compliant_beverages_000102.jpg,compliant_beverages,0,train
compliant_general_000179.jpg,/Users/vijay/462/Project/ad_safety_pipeline/raw/compliant_general/compliant_general_000179.jpg,compliant_general,0,train
compliant_general_000264.jpg,/Users/vijay/462/Project/ad_safety_pipeline/raw/compliant_general/compliant_general_000264.jpg,compliant_general,0,train
compliant_general_000852.jpg,/Users/vijay/462/Project/ad_safety_pipeline/raw/compliant_general/compliant_general_000852.jpg,compliant_general,0,train
compliant_general_000232.jpg,/Users/vijay/462/Project/ad_safety_pipeline/raw/compliant_general/compliant_general_000232.jpg,compliant_general,0,train
compliant_beverages_000058.jpg,/Users/vijay/462/Project/ad_safety_pipeline/raw/compliant_beverages/compliant_beverages_000058.jpg,compliant_beverages,0,train
compliant_general_000329.jpg,/Users/vijay/462/Project/ad_safety_pipeline/raw/compliant_general/compliant_general_000329.jpg,compliant_general,0,train
compliant_general_000120.jpg,/Users/vijay/462/Project/ad_safety_pipeline/raw/compliant_general/compliant_general_000120.jpg,compliant_general,0,train
alcohol_tobacco_000003.jpg,/Users/vijay/462/Project/ad_safety_pipeline/raw/alcohol_tobacco/alcohol_tobacco_000003.jpg,alcohol_tobacco,1,train
compliant_beverages_000063.jpg,/Users/vijay/462/Project/ad_safety_pipeline/raw/compliant_beverages/compliant_beverages_000063.jpg,compliant_beverages,0,train
compliant_general_000928.jpg,/Users/vijay/462/Project/ad_safety_pipeline/raw/compliant_general/compliant_general_000928.jpg,compliant_general,0,train
compliant_general_000473.jpg,/Users/vijay/462/Project/ad_safety_pipeline/raw/compliant_general/compliant_general_000473.jpg,compliant_general,0,train
compliant_general_000108.jpg,/Users/vijay/462/Project/ad_safety_pipeline/raw/compliant_general/compliant_general_000108.jpg,compliant_general,0,train
compliant_general_000934.jpg,/Users/vijay/462/Project/ad_safety_pipeline/raw/compliant_general/compliant_general_000934.jpg,compliant_general,0,train
weapon_000089.jpg,/Users/vijay/462/Project/ad_safety_pipeline/raw/weapon/weapon_000089.jpg,weapon,1,train
compliant_general_000352.jpg,/Users/vijay/462/Project/ad_safety_pipeline/raw/compliant_general/compliant_general_000352.jpg,compliant_general,0,train
compliant_general_000646.jpg,/Users/vijay/462/Project/ad_safety_pipeline/raw/compliant_general/compliant_general_000646.jpg,compliant_general,0,train
compliant_general_000933.jpg,/Users/vijay/462/Project/ad_safety_pipeline/raw/compliant_general/compliant_general_000933.jpg,compliant_general,0,train
compliant_general_000257.jpg,/Users/vijay/462/Project/ad_safety_pipeline/raw/compliant_general/compliant_general_000257.jpg,compliant_general,0,train
compliant_general_000002.jpg,/Users/vijay/462/Project/ad_safety_pipeline/raw/compliant_general/compliant_general_000002.jpg,compliant_general,0,train
weapon_000011.jpg,/Users/vijay/462/Project/ad_safety_pipeline/raw/weapon/weapon_000011.jpg,weapon,1,train
compliant_beverages_000042.jpg,/Users/vijay/462/Project/ad_safety_pipeline/raw/compliant_beverages/compliant_beverages_000042.jpg,compliant_beverages,0,train
alcohol_tobacco_000173.jpg,/Users/vijay/462/Project/ad_safety_pipeline/raw/alcohol_tobacco/alcohol_tobacco_000173.jpg,alcohol_tobacco,1,train
compliant_general_000194.jpg,/Users/vijay/462/Project/ad_safety_pipeline/raw/compliant_general/compliant_general_000194.jpg,compliant_general,0,train
compliant_general_000730.jpg,/Users/vijay/462/Project/ad_safety_pipeline/raw/compliant_general/compliant_general_000730.jpg,compliant_general,0,train
compliant_general_000903.jpg,/Users/vijay/462/Project/ad_safety_pipeline/raw/compliant_general/compliant_general_000903.jpg,compliant_general,0,train
compliant_general_000193.jpg,/Users/vijay/462/Project/ad_safety_pipeline/raw/compliant_general/compliant_general_000193.jpg,compliant_general,0,train
compliant_general_000355.jpg,/Users/vijay/462/Project/ad_safety_pipeline/raw/compliant_general/compliant_general_000355.jpg,compliant_general,0,train
alcohol_tobacco_000048.jpg,/Users/vijay/462/Project/ad_safety_pipeline/raw/alcohol_tobacco/alcohol_tobacco_000048.jpg,alcohol_tobacco,1,train
compliant_general_000399.jpg,/Users/vijay/462/Project/ad_safety_pipeline/raw/compliant_general/compliant_general_000399.jpg,compliant_general,0,train
compliant_general_000731.jpg,/Users/vijay/462/Project/ad_safety_pipeline/raw/compliant_general/compliant_general_000731.jpg,compliant_general,0,train
alcohol_tobacco_000146.jpg,/Users/vijay/462/Project/ad_safety_pipeline/raw/alcohol_tobacco/alcohol_tobacco_000146.jpg,alcohol_tobacco,1,train
compliant_cutlery_000045.jpg,/Users/vijay/462/Project/ad_safety_pipeline/raw/compliant_cutlery/compliant_cutlery_000045.jpg,compliant_cutlery,0,train
compliant_general_000907.jpg,/Users/vijay/462/Project/ad_safety_pipeline/raw/compliant_general/compliant_general_000907.jpg,compliant_general,0,train
compliant_general_000543.jpg,/Users/vijay/462/Project/ad_safety_pipeline/raw/compliant_general/compliant_general_000543.jpg,compliant_general,0,train
compliant_general_000019.jpg,/Users/vijay/462/Project/ad_safety_pipeline/raw/compliant_general/compliant_general_000019.jpg,compliant_general,0,train
compliant_general_000519.jpg,/Users/vijay/462/Project/ad_safety_pipeline/raw/compliant_general/compliant_general_000519.jpg,compliant_general,0,train
compliant_general_000272.jpg,/Users/vijay/462/Project/ad_safety_pipeline/raw/compliant_general/compliant_general_000272.jpg,compliant_general,0,train
compliant_general_000816.jpg,/Users/vijay/462/Project/ad_safety_pipeline/raw/compliant_general/compliant_general_000816.jpg,compliant_general,0,train
compliant_general_000265.jpg,/Users/vijay/462/Project/ad_safety_pipeline/raw/compliant_general/compliant_general_000265.jpg,compliant_general,0,train
compliant_general_000604.jpg,/Users/vijay/462/Project/ad_safety_pipeline/raw/compliant_general/compliant_general_000604.jpg,compliant_general,0,train
compliant_general_000025.jpg,/Users/vijay/462/Project/ad_safety_pipeline/raw/compliant_general/compliant_general_000025.jpg,compliant_general,0,train
weapon_000022.jpg,/Users/vijay/462/Project/ad_safety_pipeline/raw/weapon/weapon_000022.jpg,weapon,1,train
compliant_beverages_000002.jpg,/Users/vijay/462/Project/ad_safety_pipeline/raw/compliant_beverages/compliant_beverages_000002.jpg,compliant_beverages,0,train
compliant_general_000956.jpg,/Users/vijay/462/Project/ad_safety_pipeline/raw/compliant_general/compliant_general_000956.jpg,compliant_general,0,train
compliant_cutlery_000050.jpg,/Users/vijay/462/Project/ad_safety_pipeline/raw/compliant_cutlery/compliant_cutlery_000050.jpg,compliant_cutlery,0,train
compliant_beverages_000077.jpg,/Users/vijay/462/Project/ad_safety_pipeline/raw/compliant_beverages/compliant_beverages_000077.jpg,compliant_beverages,0,train
compliant_beverages_000119.jpg,/Users/vijay/462/Project/ad_safety_pipeline/raw/compliant_beverages/compliant_beverages_000119.jpg,compliant_beverages,0,train
alcohol_tobacco_000106.jpg,/Users/vijay/462/Project/ad_safety_pipeline/raw/alcohol_tobacco/alcohol_tobacco_000106.jpg,alcohol_tobacco,1,train
compliant_general_000415.jpg,/Users/vijay/462/Project/ad_safety_pipeline/raw/compliant_general/compliant_general_000415.jpg,compliant_general,0,train
compliant_general_000704.jpg,/Users/vijay/462/Project/ad_safety_pipeline/raw/compliant_general/compliant_general_000704.jpg,compliant_general,0,train
compliant_general_000515.jpg,/Users/vijay/462/Project/ad_safety_pipeline/raw/compliant_general/compliant_general_000515.jpg,compliant_general,0,train
compliant_general_000958.jpg,/Users/vijay/462/Project/ad_safety_pipeline/raw/compliant_general/compliant_general_000958.jpg,compliant_general,0,train
weapon_000093.jpg,/Users/vijay/462/Project/ad_safety_pipeline/raw/weapon/weapon_000093.jpg,weapon,1,train
compliant_general_000512.jpg,/Users/vijay/462/Project/ad_safety_pipeline/raw/compliant_general/compliant_general_000512.jpg,compliant_general,0,train
compliant_general_000574.jpg,/Users/vijay/462/Project/ad_safety_pipeline/raw/compliant_general/compliant_general_000574.jpg,compliant_general,0,train
compliant_general_000200.jpg,/Users/vijay/462/Project/ad_safety_pipeline/raw/compliant_general/compliant_general_000200.jpg,compliant_general,0,train
compliant_general_000500.jpg,/Users/vijay/462/Project/ad_safety_pipeline/raw/compliant_general/compliant_general_000500.jpg,compliant_general,0,train
alcohol_tobacco_000042.jpg,/Users/vijay/462/Project/ad_safety_pipeline/raw/alcohol_tobacco/alcohol_tobacco_000042.jpg,alcohol_tobacco,1,train
compliant_general_000799.jpg,/Users/vijay/462/Project/ad_safety_pipeline/raw/compliant_general/compliant_general_000799.jpg,compliant_general,0,train
compliant_general_000997.jpg,/Users/vijay/462/Project/ad_safety_pipeline/raw/compliant_general/compliant_general_000997.jpg,compliant_general,0,train
compliant_general_000293.jpg,/Users/vijay/462/Project/ad_safety_pipeline/raw/compliant_general/compliant_general_000293.jpg,compliant_general,0,train
compliant_general_000084.jpg,/Users/vijay/462/Project/ad_safety_pipeline/raw/compliant_general/compliant_general_000084.jpg,compliant_general,0,train
compliant_general_000207.jpg,/Users/vijay/462/Project/ad_safety_pipeline/raw/compliant_general/compliant_general_000207.jpg,compliant_general,0,train
compliant_general_000833.jpg,/Users/vijay/462/Project/ad_safety_pipeline/raw/compliant_general/compliant_general_000833.jpg,compliant_general,0,train
compliant_beverages_000133.jpg,/Users/vijay/462/Project/ad_safety_pipeline/raw/compliant_beverages/compliant_beverages_000133.jpg,compliant_beverages,0,train
compliant_general_000063.jpg,/Users/vijay/462/Project/ad_safety_pipeline/raw/compliant_general/compliant_general_000063.jpg,compliant_general,0,train
compliant_general_000305.jpg,/Users/vijay/462/Project/ad_safety_pipeline/raw/compliant_general/compliant_general_000305.jpg,compliant_general,0,train
compliant_general_000016.jpg,/Users/vijay/462/Project/ad_safety_pipeline/raw/compliant_general/compliant_general_000016.jpg,compliant_general,0,train
compliant_general_000137.jpg,/Users/vijay/462/Project/ad_safety_pipeline/raw/compliant_general/compliant_general_000137.jpg,compliant_general,0,train
compliant_general_000612.jpg,/Users/vijay/462/Project/ad_safety_pipeline/raw/compliant_general/compliant_general_000612.jpg,compliant_general,0,train
compliant_general_000837.jpg,/Users/vijay/462/Project/ad_safety_pipeline/raw/compliant_general/compliant_general_000837.jpg,compliant_general,0,train
compliant_general_000294.jpg,/Users/vijay/462/Project/ad_safety_pipeline/raw/compliant_general/compliant_general_000294.jpg,compliant_general,0,train
alcohol_tobacco_000005.jpg,/Users/vijay/462/Project/ad_safety_pipeline/raw/alcohol_tobacco/alcohol_tobacco_000005.jpg,alcohol_tobacco,1,train
compliant_general_000244.jpg,/Users/vijay/462/Project/ad_safety_pipeline/raw/compliant_general/compliant_general_000244.jpg,compliant_general,0,train
compliant_general_000585.jpg,/Users/vijay/462/Project/ad_safety_pipeline/raw/compliant_general/compliant_general_000585.jpg,compliant_general,0,train
compliant_general_000334.jpg,/Users/vijay/462/Project/ad_safety_pipeline/raw/compliant_general/compliant_general_000334.jpg,compliant_general,0,train
alcohol_tobacco_000008.jpg,/Users/vijay/462/Project/ad_safety_pipeline/raw/alcohol_tobacco/alcohol_tobacco_000008.jpg,alcohol_tobacco,1,train
compliant_general_000160.jpg,/Users/vijay/462/Project/ad_safety_pipeline/raw/compliant_general/compliant_general_000160.jpg,compliant_general,0,train
compliant_general_000139.jpg,/Users/vijay/462/Project/ad_safety_pipeline/raw/compliant_general/compliant_general_000139.jpg,compliant_general,0,train
compliant_beverages_000015.jpg,/Users/vijay/462/Project/ad_safety_pipeline/raw/compliant_beverages/compliant_beverages_000015.jpg,compliant_beverages,0,train
alcohol_tobacco_000157.jpg,/Users/vijay/462/Project/ad_safety_pipeline/raw/alcohol_tobacco/alcohol_tobacco_000157.jpg,alcohol_tobacco,1,train
compliant_general_000159.jpg,/Users/vijay/462/Project/ad_safety_pipeline/raw/compliant_general/compliant_general_000159.jpg,compliant_general,0,train
compliant_general_000439.jpg,/Users/vijay/462/Project/ad_safety_pipeline/raw/compliant_general/compliant_general_000439.jpg,compliant_general,0,train
compliant_general_000326.jpg,/Users/vijay/462/Project/ad_safety_pipeline/raw/compliant_general/compliant_general_000326.jpg,compliant_general,0,train
compliant_general_000370.jpg,/Users/vijay/462/Project/ad_safety_pipeline/raw/compliant_general/compliant_general_000370.jpg,compliant_general,0,train
weapon_000046.jpg,/Users/vijay/462/Project/ad_safety_pipeline/raw/weapon/weapon_000046.jpg,weapon,1,train
compliant_general_000790.jpg,/Users/vijay/462/Project/ad_safety_pipeline/raw/compliant_general/compliant_general_000790.jpg,compliant_general,0,train
compliant_general_000495.jpg,/Users/vijay/462/Project/ad_safety_pipeline/raw/compliant_general/compliant_general_000495.jpg,compliant_general,0,train
compliant_general_000380.jpg,/Users/vijay/462/Project/ad_safety_pipeline/raw/compliant_general/compliant_general_000380.jpg,compliant_general,0,train
compliant_general_000277.jpg,/Users/vijay/462/Project/ad_safety_pipeline/raw/compliant_general/compliant_general_000277.jpg,compliant_general,0,train
weapon_000004.jpg,/Users/vijay/462/Project/ad_safety_pipeline/raw/weapon/weapon_000004.jpg,weapon,1,train
compliant_general_000507.jpg,/Users/vijay/462/Project/ad_safety_pipeline/raw/compliant_general/compliant_general_000507.jpg,compliant_general,0,train
compliant_general_000949.jpg,/Users/vijay/462/Project/ad_safety_pipeline/raw/compliant_general/compliant_general_000949.jpg,compliant_general,0,train
alcohol_tobacco_000152.jpg,/Users/vijay/462/Project/ad_safety_pipeline/raw/alcohol_tobacco/alcohol_tobacco_000152.jpg,alcohol_tobacco,1,train
compliant_general_000988.jpg,/Users/vijay/462/Project/ad_safety_pipeline/raw/compliant_general/compliant_general_000988.jpg,compliant_general,0,train
compliant_general_000869.jpg,/Users/vijay/462/Project/ad_safety_pipeline/raw/compliant_general/compliant_general_000869.jpg,compliant_general,0,train
compliant_beverages_000089.jpg,/Users/vijay/462/Project/ad_safety_pipeline/raw/compliant_beverages/compliant_beverages_000089.jpg,compliant_beverages,0,train
compliant_general_000506.jpg,/Users/vijay/462/Project/ad_safety_pipeline/raw/compliant_general/compliant_general_000506.jpg,compliant_general,0,train
compliant_general_000581.jpg,/Users/vijay/462/Project/ad_safety_pipeline/raw/compliant_general/compliant_general_000581.jpg,compliant_general,0,train
compliant_general_000341.jpg,/Users/vijay/462/Project/ad_safety_pipeline/raw/compliant_general/compliant_general_000341.jpg,compliant_general,0,train
compliant_general_000839.jpg,/Users/vijay/462/Project/ad_safety_pipeline/raw/compliant_general/compliant_general_000839.jpg,compliant_general,0,train
compliant_cutlery_000014.jpg,/Users/vijay/462/Project/ad_safety_pipeline/raw/compliant_cutlery/compliant_cutlery_000014.jpg,compliant_cutlery,0,train
compliant_general_000775.jpg,/Users/vijay/462/Project/ad_safety_pipeline/raw/compliant_general/compliant_general_000775.jpg,compliant_general,0,train
compliant_cutlery_000023.jpg,/Users/vijay/462/Project/ad_safety_pipeline/raw/compliant_cutlery/compliant_cutlery_000023.jpg,compliant_cutlery,0,train
alcohol_tobacco_000038.jpg,/Users/vijay/462/Project/ad_safety_pipeline/raw/alcohol_tobacco/alcohol_tobacco_000038.jpg,alcohol_tobacco,1,train
compliant_general_000078.jpg,/Users/vijay/462/Project/ad_safety_pipeline/raw/compliant_general/compliant_general_000078.jpg,compliant_general,0,train
weapon_000050.jpg,/Users/vijay/462/Project/ad_safety_pipeline/raw/weapon/weapon_000050.jpg,weapon,1,train
compliant_general_000672.jpg,/Users/vijay/462/Project/ad_safety_pipeline/raw/compliant_general/compliant_general_000672.jpg,compliant_general,0,train
compliant_general_000230.jpg,/Users/vijay/462/Project/ad_safety_pipeline/raw/compliant_general/compliant_general_000230.jpg,compliant_general,0,train
compliant_general_000337.jpg,/Users/vijay/462/Project/ad_safety_pipeline/raw/compliant_general/compliant_general_000337.jpg,compliant_general,0,train
compliant_general_000619.jpg,/Users/vijay/462/Project/ad_safety_pipeline/raw/compliant_general/compliant_general_000619.jpg,compliant_general,0,train
compliant_beverages_000116.jpg,/Users/vijay/462/Project/ad_safety_pipeline/raw/compliant_beverages/compliant_beverages_000116.jpg,compliant_beverages,0,train
compliant_general_000475.jpg,/Users/vijay/462/Project/ad_safety_pipeline/raw/compliant_general/compliant_general_000475.jpg,compliant_general,0,train
compliant_general_000157.jpg,/Users/vijay/462/Project/ad_safety_pipeline/raw/compliant_general/compliant_general_000157.jpg,compliant_general,0,train
compliant_beverages_000045.jpg,/Users/vijay/462/Project/ad_safety_pipeline/raw/compliant_beverages/compliant_beverages_000045.jpg,compliant_beverages,0,train
compliant_general_000015.jpg,/Users/vijay/462/Project/ad_safety_pipeline/raw/compliant_general/compliant_general_000015.jpg,compliant_general,0,train
compliant_cutlery_000030.jpg,/Users/vijay/462/Project/ad_safety_pipeline/raw/compliant_cutlery/compliant_cutlery_000030.jpg,compliant_cutlery,0,train
weapon_000019.jpg,/Users/vijay/462/Project/ad_safety_pipeline/raw/weapon/weapon_000019.jpg,weapon,1,train
compliant_general_000188.jpg,/Users/vijay/462/Project/ad_safety_pipeline/raw/compliant_general/compliant_general_000188.jpg,compliant_general,0,train
weapon_000035.jpg,/Users/vijay/462/Project/ad_safety_pipeline/raw/weapon/weapon_000035.jpg,weapon,1,train
compliant_general_000406.jpg,/Users/vijay/462/Project/ad_safety_pipeline/raw/compliant_general/compliant_general_000406.jpg,compliant_general,0,train
compliant_general_000331.jpg,/Users/vijay/462/Project/ad_safety_pipeline/raw/compliant_general/compliant_general_000331.jpg,compliant_general,0,train
compliant_general_000844.jpg,/Users/vijay/462/Project/ad_safety_pipeline/raw/compliant_general/compliant_general_000844.jpg,compliant_general,0,train
compliant_beverages_000053.jpg,/Users/vijay/462/Project/ad_safety_pipeline/raw/compliant_beverages/compliant_beverages_000053.jpg,compliant_beverages,0,train
compliant_general_000424.jpg,/Users/vijay/462/Project/ad_safety_pipeline/raw/compliant_general/compliant_general_000424.jpg,compliant_general,0,train
compliant_general_000041.jpg,/Users/vijay/462/Project/ad_safety_pipeline/raw/compliant_general/compliant_general_000041.jpg,compliant_general,0,train
compliant_general_000262.jpg,/Users/vijay/462/Project/ad_safety_pipeline/raw/compliant_general/compliant_general_000262.jpg,compliant_general,0,train
compliant_general_000566.jpg,/Users/vijay/462/Project/ad_safety_pipeline/raw/compliant_general/compliant_general_000566.jpg,compliant_general,0,train
alcohol_tobacco_000134.jpg,/Users/vijay/462/Project/ad_safety_pipeline/raw/alcohol_tobacco/alcohol_tobacco_000134.jpg,alcohol_tobacco,1,train
compliant_general_000631.jpg,/Users/vijay/462/Project/ad_safety_pipeline/raw/compliant_general/compliant_general_000631.jpg,compliant_general,0,train
compliant_general_000288.jpg,/Users/vijay/462/Project/ad_safety_pipeline/raw/compliant_general/compliant_general_000288.jpg,compliant_general,0,train
compliant_beverages_000135.jpg,/Users/vijay/462/Project/ad_safety_pipeline/raw/compliant_beverages/compliant_beverages_000135.jpg,compliant_beverages,0,train
alcohol_tobacco_000043.jpg,/Users/vijay/462/Project/ad_safety_pipeline/raw/alcohol_tobacco/alcohol_tobacco_000043.jpg,alcohol_tobacco,1,train
compliant_general_000465.jpg,/Users/vijay/462/Project/ad_safety_pipeline/raw/compliant_general/compliant_general_000465.jpg,compliant_general,0,train
compliant_general_000357.jpg,/Users/vijay/462/Project/ad_safety_pipeline/raw/compliant_general/compliant_general_000357.jpg,compliant_general,0,train
compliant_general_000129.jpg,/Users/vijay/462/Project/ad_safety_pipeline/raw/compliant_general/compliant_general_000129.jpg,compliant_general,0,train
compliant_general_000189.jpg,/Users/vijay/462/Project/ad_safety_pipeline/raw/compliant_general/compliant_general_000189.jpg,compliant_general,0,train
compliant_general_000073.jpg,/Users/vijay/462/Project/ad_safety_pipeline/raw/compliant_general/compliant_general_000073.jpg,compliant_general,0,train
compliant_general_000926.jpg,/Users/vijay/462/Project/ad_safety_pipeline/raw/compliant_general/compliant_general_000926.jpg,compliant_general,0,train
weapon_000017.jpg,/Users/vijay/462/Project/ad_safety_pipeline/raw/weapon/weapon_000017.jpg,weapon,1,train
alcohol_tobacco_000016.jpg,/Users/vijay/462/Project/ad_safety_pipeline/raw/alcohol_tobacco/alcohol_tobacco_000016.jpg,alcohol_tobacco,1,train
compliant_general_000431.jpg,/Users/vijay/462/Project/ad_safety_pipeline/raw/compliant_general/compliant_general_000431.jpg,compliant_general,0,train
compliant_general_000484.jpg,/Users/vijay/462/Project/ad_safety_pipeline/raw/compliant_general/compliant_general_000484.jpg,compliant_general,0,train
compliant_general_000969.jpg,/Users/vijay/462/Project/ad_safety_pipeline/raw/compliant_general/compliant_general_000969.jpg,compliant_general,0,train
alcohol_tobacco_000079.jpg,/Users/vijay/462/Project/ad_safety_pipeline/raw/alcohol_tobacco/alcohol_tobacco_000079.jpg,alcohol_tobacco,1,train
compliant_general_000643.jpg,/Users/vijay/462/Project/ad_safety_pipeline/raw/compliant_general/compliant_general_000643.jpg,compliant_general,0,train
compliant_general_000496.jpg,/Users/vijay/462/Project/ad_safety_pipeline/raw/compliant_general/compliant_general_000496.jpg,compliant_general,0,train
compliant_general_000998.jpg,/Users/vijay/462/Project/ad_safety_pipeline/raw/compliant_general/compliant_general_000998.jpg,compliant_general,0,train
compliant_general_000751.jpg,/Users/vijay/462/Project/ad_safety_pipeline/raw/compliant_general/compliant_general_000751.jpg,compliant_general,0,train
compliant_general_000110.jpg,/Users/vijay/462/Project/ad_safety_pipeline/raw/compliant_general/compliant_general_000110.jpg,compliant_general,0,train
alcohol_tobacco_000069.jpg,/Users/vijay/462/Project/ad_safety_pipeline/raw/alcohol_tobacco/alcohol_tobacco_000069.jpg,alcohol_tobacco,1,train
compliant_cutlery_000011.jpg,/Users/vijay/462/Project/ad_safety_pipeline/raw/compliant_cutlery/compliant_cutlery_000011.jpg,compliant_cutlery,0,train
compliant_general_000000.jpg,/Users/vijay/462/Project/ad_safety_pipeline/raw/compliant_general/compliant_general_000000.jpg,compliant_general,0,train
compliant_general_000791.jpg,/Users/vijay/462/Project/ad_safety_pipeline/raw/compliant_general/compliant_general_000791.jpg,compliant_general,0,train
compliant_general_000755.jpg,/Users/vijay/462/Project/ad_safety_pipeline/raw/compliant_general/compliant_general_000755.jpg,compliant_general,0,train
compliant_general_000737.jpg,/Users/vijay/462/Project/ad_safety_pipeline/raw/compliant_general/compliant_general_000737.jpg,compliant_general,0,train
compliant_general_000021.jpg,/Users/vijay/462/Project/ad_safety_pipeline/raw/compliant_general/compliant_general_000021.jpg,compliant_general,0,train
compliant_general_000573.jpg,/Users/vijay/462/Project/ad_safety_pipeline/raw/compliant_general/compliant_general_000573.jpg,compliant_general,0,train
compliant_beverages_000122.jpg,/Users/vijay/462/Project/ad_safety_pipeline/raw/compliant_beverages/compliant_beverages_000122.jpg,compliant_beverages,0,train
alcohol_tobacco_000046.jpg,/Users/vijay/462/Project/ad_safety_pipeline/raw/alcohol_tobacco/alcohol_tobacco_000046.jpg,alcohol_tobacco,1,train
weapon_000016.jpg,/Users/vijay/462/Project/ad_safety_pipeline/raw/weapon/weapon_000016.jpg,weapon,1,train
compliant_general_000576.jpg,/Users/vijay/462/Project/ad_safety_pipeline/raw/compliant_general/compliant_general_000576.jpg,compliant_general,0,train
compliant_general_000050.jpg,/Users/vijay/462/Project/ad_safety_pipeline/raw/compliant_general/compliant_general_000050.jpg,compliant_general,0,train
compliant_general_000162.jpg,/Users/vijay/462/Project/ad_safety_pipeline/raw/compliant_general/compliant_general_000162.jpg,compliant_general,0,train
compliant_general_000726.jpg,/Users/vijay/462/Project/ad_safety_pipeline/raw/compliant_general/compliant_general_000726.jpg,compliant_general,0,train
compliant_general_000523.jpg,/Users/vijay/462/Project/ad_safety_pipeline/raw/compliant_general/compliant_general_000523.jpg,compliant_general,0,train
compliant_general_000756.jpg,/Users/vijay/462/Project/ad_safety_pipeline/raw/compliant_general/compliant_general_000756.jpg,compliant_general,0,train
compliant_general_000463.jpg,/Users/vijay/462/Project/ad_safety_pipeline/raw/compliant_general/compliant_general_000463.jpg,compliant_general,0,train
compliant_general_000909.jpg,/Users/vijay/462/Project/ad_safety_pipeline/raw/compliant_general/compliant_general_000909.jpg,compliant_general,0,train
alcohol_tobacco_000172.jpg,/Users/vijay/462/Project/ad_safety_pipeline/raw/alcohol_tobacco/alcohol_tobacco_000172.jpg,alcohol_tobacco,1,train
compliant_general_000301.jpg,/Users/vijay/462/Project/ad_safety_pipeline/raw/compliant_general/compliant_general_000301.jpg,compliant_general,0,train
alcohol_tobacco_000114.jpg,/Users/vijay/462/Project/ad_safety_pipeline/raw/alcohol_tobacco/alcohol_tobacco_000114.jpg,alcohol_tobacco,1,train
weapon_000026.jpg,/Users/vijay/462/Project/ad_safety_pipeline/raw/weapon/weapon_000026.jpg,weapon,1,train
compliant_beverages_000083.jpg,/Users/vijay/462/Project/ad_safety_pipeline/raw/compliant_beverages/compliant_beverages_000083.jpg,compliant_beverages,0,train
compliant_general_000957.jpg,/Users/vijay/462/Project/ad_safety_pipeline/raw/compliant_general/compliant_general_000957.jpg,compliant_general,0,train
alcohol_tobacco_000118.jpg,/Users/vijay/462/Project/ad_safety_pipeline/raw/alcohol_tobacco/alcohol_tobacco_000118.jpg,alcohol_tobacco,1,train
weapon_000037.jpg,/Users/vijay/462/Project/ad_safety_pipeline/raw/weapon/weapon_000037.jpg,weapon,1,train
compliant_general_000253.jpg,/Users/vijay/462/Project/ad_safety_pipeline/raw/compliant_general/compliant_general_000253.jpg,compliant_general,0,train
compliant_general_000549.jpg,/Users/vijay/462/Project/ad_safety_pipeline/raw/compliant_general/compliant_general_000549.jpg,compliant_general,0,train
compliant_beverages_000115.jpg,/Users/vijay/462/Project/ad_safety_pipeline/raw/compliant_beverages/compliant_beverages_000115.jpg,compliant_beverages,0,train
compliant_general_000778.jpg,/Users/vijay/462/Project/ad_safety_pipeline/raw/compliant_general/compliant_general_000778.jpg,compliant_general,0,train
compliant_general_000972.jpg,/Users/vijay/462/Project/ad_safety_pipeline/raw/compliant_general/compliant_general_000972.jpg,compliant_general,0,train
compliant_general_000191.jpg,/Users/vijay/462/Project/ad_safety_pipeline/raw/compliant_general/compliant_general_000191.jpg,compliant_general,0,train
compliant_general_000878.jpg,/Users/vijay/462/Project/ad_safety_pipeline/raw/compliant_general/compliant_general_000878.jpg,compliant_general,0,train
compliant_general_000143.jpg,/Users/vijay/462/Project/ad_safety_pipeline/raw/compliant_general/compliant_general_000143.jpg,compliant_general,0,train
compliant_general_000794.jpg,/Users/vijay/462/Project/ad_safety_pipeline/raw/compliant_general/compliant_general_000794.jpg,compliant_general,0,train
compliant_general_000722.jpg,/Users/vijay/462/Project/ad_safety_pipeline/raw/compliant_general/compliant_general_000722.jpg,compliant_general,0,train
compliant_general_000662.jpg,/Users/vijay/462/Project/ad_safety_pipeline/raw/compliant_general/compliant_general_000662.jpg,compliant_general,0,train
compliant_general_000750.jpg,/Users/vijay/462/Project/ad_safety_pipeline/raw/compliant_general/compliant_general_000750.jpg,compliant_general,0,train
compliant_general_000863.jpg,/Users/vijay/462/Project/ad_safety_pipeline/raw/compliant_general/compliant_general_000863.jpg,compliant_general,0,train
compliant_general_000304.jpg,/Users/vijay/462/Project/ad_safety_pipeline/raw/compliant_general/compliant_general_000304.jpg,compliant_general,0,train
alcohol_tobacco_000049.jpg,/Users/vijay/462/Project/ad_safety_pipeline/raw/alcohol_tobacco/alcohol_tobacco_000049.jpg,alcohol_tobacco,1,train
compliant_general_000460.jpg,/Users/vijay/462/Project/ad_safety_pipeline/raw/compliant_general/compliant_general_000460.jpg,compliant_general,0,train
compliant_general_000690.jpg,/Users/vijay/462/Project/ad_safety_pipeline/raw/compliant_general/compliant_general_000690.jpg,compliant_general,0,train
compliant_general_000325.jpg,/Users/vijay/462/Project/ad_safety_pipeline/raw/compliant_general/compliant_general_000325.jpg,compliant_general,0,train
compliant_general_000842.jpg,/Users/vijay/462/Project/ad_safety_pipeline/raw/compliant_general/compliant_general_000842.jpg,compliant_general,0,train
compliant_general_000381.jpg,/Users/vijay/462/Project/ad_safety_pipeline/raw/compliant_general/compliant_general_000381.jpg,compliant_general,0,train
compliant_general_000417.jpg,/Users/vijay/462/Project/ad_safety_pipeline/raw/compliant_general/compliant_general_000417.jpg,compliant_general,0,train
alcohol_tobacco_000041.jpg,/Users/vijay/462/Project/ad_safety_pipeline/raw/alcohol_tobacco/alcohol_tobacco_000041.jpg,alcohol_tobacco,1,train
compliant_general_000942.jpg,/Users/vijay/462/Project/ad_safety_pipeline/raw/compliant_general/compliant_general_000942.jpg,compliant_general,0,train
compliant_general_000013.jpg,/Users/vijay/462/Project/ad_safety_pipeline/raw/compliant_general/compliant_general_000013.jpg,compliant_general,0,train
compliant_general_000639.jpg,/Users/vijay/462/Project/ad_safety_pipeline/raw/compliant_general/compliant_general_000639.jpg,compliant_general,0,train
compliant_general_000757.jpg,/Users/vijay/462/Project/ad_safety_pipeline/raw/compliant_general/compliant_general_000757.jpg,compliant_general,0,train
weapon_000103.jpg,/Users/vijay/462/Project/ad_safety_pipeline/raw/weapon/weapon_000103.jpg,weapon,1,train
compliant_general_000090.jpg,/Users/vijay/462/Project/ad_safety_pipeline/raw/compliant_general/compliant_general_000090.jpg,compliant_general,0,train
compliant_general_000828.jpg,/Users/vijay/462/Project/ad_safety_pipeline/raw/compliant_general/compliant_general_000828.jpg,compliant_general,0,train
compliant_general_000647.jpg,/Users/vijay/462/Project/ad_safety_pipeline/raw/compliant_general/compliant_general_000647.jpg,compliant_general,0,train
weapon_000053.jpg,/Users/vijay/462/Project/ad_safety_pipeline/raw/weapon/weapon_000053.jpg,weapon,1,train
alcohol_tobacco_000040.jpg,/Users/vijay/462/Project/ad_safety_pipeline/raw/alcohol_tobacco/alcohol_tobacco_000040.jpg,alcohol_tobacco,1,train
compliant_beverages_000049.jpg,/Users/vijay/462/Project/ad_safety_pipeline/raw/compliant_beverages/compliant_beverages_000049.jpg,compliant_beverages,0,train
compliant_general_000954.jpg,/Users/vijay/462/Project/ad_safety_pipeline/raw/compliant_general/compliant_general_000954.jpg,compliant_general,0,train
alcohol_tobacco_000096.jpg,/Users/vijay/462/Project/ad_safety_pipeline/raw/alcohol_tobacco/alcohol_tobacco_000096.jpg,alcohol_tobacco,1,train
compliant_general_000927.jpg,/Users/vijay/462/Project/ad_safety_pipeline/raw/compliant_general/compliant_general_000927.jpg,compliant_general,0,train
compliant_general_000626.jpg,/Users/vijay/462/Project/ad_safety_pipeline/raw/compliant_general/compliant_general_000626.jpg,compliant_general,0,train
weapon_000008.jpg,/Users/vijay/462/Project/ad_safety_pipeline/raw/weapon/weapon_000008.jpg,weapon,1,train
compliant_general_000518.jpg,/Users/vijay/462/Project/ad_safety_pipeline/raw/compliant_general/compliant_general_000518.jpg,compliant_general,0,train
compliant_general_000843.jpg,/Users/vijay/462/Project/ad_safety_pipeline/raw/compliant_general/compliant_general_000843.jpg,compliant_general,0,train
compliant_general_000564.jpg,/Users/vijay/462/Project/ad_safety_pipeline/raw/compliant_general/compliant_general_000564.jpg,compliant_general,0,train
compliant_beverages_000098.jpg,/Users/vijay/462/Project/ad_safety_pipeline/raw/compliant_beverages/compliant_beverages_000098.jpg,compliant_beverages,0,train
alcohol_tobacco_000142.jpg,/Users/vijay/462/Project/ad_safety_pipeline/raw/alcohol_tobacco/alcohol_tobacco_000142.jpg,alcohol_tobacco,1,train
compliant_general_000400.jpg,/Users/vijay/462/Project/ad_safety_pipeline/raw/compliant_general/compliant_general_000400.jpg,compliant_general,0,train
compliant_general_000808.jpg,/Users/vijay/462/Project/ad_safety_pipeline/raw/compliant_general/compliant_general_000808.jpg,compliant_general,0,train
compliant_general_000384.jpg,/Users/vijay/462/Project/ad_safety_pipeline/raw/compliant_general/compliant_general_000384.jpg,compliant_general,0,train
compliant_general_000913.jpg,/Users/vijay/462/Project/ad_safety_pipeline/raw/compliant_general/compliant_general_000913.jpg,compliant_general,0,train
compliant_general_000127.jpg,/Users/vijay/462/Project/ad_safety_pipeline/raw/compliant_general/compliant_general_000127.jpg,compliant_general,0,train
compliant_cutlery_000055.jpg,/Users/vijay/462/Project/ad_safety_pipeline/raw/compliant_cutlery/compliant_cutlery_000055.jpg,compliant_cutlery,0,train
compliant_general_000826.jpg,/Users/vijay/462/Project/ad_safety_pipeline/raw/compliant_general/compliant_general_000826.jpg,compliant_general,0,train
alcohol_tobacco_000151.jpg,/Users/vijay/462/Project/ad_safety_pipeline/raw/alcohol_tobacco/alcohol_tobacco_000151.jpg,alcohol_tobacco,1,train
alcohol_tobacco_000039.jpg,/Users/vijay/462/Project/ad_safety_pipeline/raw/alcohol_tobacco/alcohol_tobacco_000039.jpg,alcohol_tobacco,1,train
compliant_beverages_000118.jpg,/Users/vijay/462/Project/ad_safety_pipeline/raw/compliant_beverages/compliant_beverages_000118.jpg,compliant_beverages,0,train
compliant_general_000144.jpg,/Users/vijay/462/Project/ad_safety_pipeline/raw/compliant_general/compliant_general_000144.jpg,compliant_general,0,train
compliant_general_000984.jpg,/Users/vijay/462/Project/ad_safety_pipeline/raw/compliant_general/compliant_general_000984.jpg,compliant_general,0,train
compliant_general_000910.jpg,/Users/vijay/462/Project/ad_safety_pipeline/raw/compliant_general/compliant_general_000910.jpg,compliant_general,0,train
compliant_general_000054.jpg,/Users/vijay/462/Project/ad_safety_pipeline/raw/compliant_general/compliant_general_000054.jpg,compliant_general,0,train
compliant_general_000432.jpg,/Users/vijay/462/Project/ad_safety_pipeline/raw/compliant_general/compliant_general_000432.jpg,compliant_general,0,train
compliant_beverages_000134.jpg,/Users/vijay/462/Project/ad_safety_pipeline/raw/compliant_beverages/compliant_beverages_000134.jpg,compliant_beverages,0,train
compliant_general_000856.jpg,/Users/vijay/462/Project/ad_safety_pipeline/raw/compliant_general/compliant_general_000856.jpg,compliant_general,0,train
compliant_general_000675.jpg,/Users/vijay/462/Project/ad_safety_pipeline/raw/compliant_general/compliant_general_000675.jpg,compliant_general,0,train
alcohol_tobacco_000035.jpg,/Users/vijay/462/Project/ad_safety_pipeline/raw/alcohol_tobacco/alcohol_tobacco_000035.jpg,alcohol_tobacco,1,train
compliant_beverages_000048.jpg,/Users/vijay/462/Project/ad_safety_pipeline/raw/compliant_beverages/compliant_beverages_000048.jpg,compliant_beverages,0,train
compliant_general_000458.jpg,/Users/vijay/462/Project/ad_safety_pipeline/raw/compliant_general/compliant_general_000458.jpg,compliant_general,0,train
compliant_general_000905.jpg,/Users/vijay/462/Project/ad_safety_pipeline/raw/compliant_general/compliant_general_000905.jpg,compliant_general,0,train
compliant_general_000163.jpg,/Users/vijay/462/Project/ad_safety_pipeline/raw/compliant_general/compliant_general_000163.jpg,compliant_general,0,train
compliant_beverages_000109.jpg,/Users/vijay/462/Project/ad_safety_pipeline/raw/compliant_beverages/compliant_beverages_000109.jpg,compliant_beverages,0,train
alcohol_tobacco_000075.jpg,/Users/vijay/462/Project/ad_safety_pipeline/raw/alcohol_tobacco/alcohol_tobacco_000075.jpg,alcohol_tobacco,1,train
compliant_general_000651.jpg,/Users/vijay/462/Project/ad_safety_pipeline/raw/compliant_general/compliant_general_000651.jpg,compliant_general,0,train
compliant_general_000728.jpg,/Users/vijay/462/Project/ad_safety_pipeline/raw/compliant_general/compliant_general_000728.jpg,compliant_general,0,train
compliant_general_000112.jpg,/Users/vijay/462/Project/ad_safety_pipeline/raw/compliant_general/compliant_general_000112.jpg,compliant_general,0,train
alcohol_tobacco_000032.jpg,/Users/vijay/462/Project/ad_safety_pipeline/raw/alcohol_tobacco/alcohol_tobacco_000032.jpg,alcohol_tobacco,1,train
compliant_general_000255.jpg,/Users/vijay/462/Project/ad_safety_pipeline/raw/compliant_general/compliant_general_000255.jpg,compliant_general,0,train
compliant_general_000485.jpg,/Users/vijay/462/Project/ad_safety_pipeline/raw/compliant_general/compliant_general_000485.jpg,compliant_general,0,train
alcohol_tobacco_000086.jpg,/Users/vijay/462/Project/ad_safety_pipeline/raw/alcohol_tobacco/alcohol_tobacco_000086.jpg,alcohol_tobacco,1,train
compliant_general_000387.jpg,/Users/vijay/462/Project/ad_safety_pipeline/raw/compliant_general/compliant_general_000387.jpg,compliant_general,0,train
alcohol_tobacco_000168.jpg,/Users/vijay/462/Project/ad_safety_pipeline/raw/alcohol_tobacco/alcohol_tobacco_000168.jpg,alcohol_tobacco,1,train
compliant_cutlery_000003.jpg,/Users/vijay/462/Project/ad_safety_pipeline/raw/compliant_cutlery/compliant_cutlery_000003.jpg,compliant_cutlery,0,train
compliant_general_000864.jpg,/Users/vijay/462/Project/ad_safety_pipeline/raw/compliant_general/compliant_general_000864.jpg,compliant_general,0,train
compliant_beverages_000046.jpg,/Users/vijay/462/Project/ad_safety_pipeline/raw/compliant_beverages/compliant_beverages_000046.jpg,compliant_beverages,0,train
alcohol_tobacco_000011.jpg,/Users/vijay/462/Project/ad_safety_pipeline/raw/alcohol_tobacco/alcohol_tobacco_000011.jpg,alcohol_tobacco,1,train
compliant_general_000711.jpg,/Users/vijay/462/Project/ad_safety_pipeline/raw/compliant_general/compliant_general_000711.jpg,compliant_general,0,train
alcohol_tobacco_000091.jpg,/Users/vijay/462/Project/ad_safety_pipeline/raw/alcohol_tobacco/alcohol_tobacco_000091.jpg,alcohol_tobacco,1,train
compliant_general_000339.jpg,/Users/vijay/462/Project/ad_safety_pipeline/raw/compliant_general/compliant_general_000339.jpg,compliant_general,0,train
alcohol_tobacco_000135.jpg,/Users/vijay/462/Project/ad_safety_pipeline/raw/alcohol_tobacco/alcohol_tobacco_000135.jpg,alcohol_tobacco,1,train
compliant_general_000922.jpg,/Users/vijay/462/Project/ad_safety_pipeline/raw/compliant_general/compliant_general_000922.jpg,compliant_general,0,train
compliant_general_000908.jpg,/Users/vijay/462/Project/ad_safety_pipeline/raw/compliant_general/compliant_general_000908.jpg,compliant_general,0,train
compliant_general_000657.jpg,/Users/vijay/462/Project/ad_safety_pipeline/raw/compliant_general/compliant_general_000657.jpg,compliant_general,0,train
compliant_beverages_000030.jpg,/Users/vijay/462/Project/ad_safety_pipeline/raw/compliant_beverages/compliant_beverages_000030.jpg,compliant_beverages,0,train
compliant_general_000822.jpg,/Users/vijay/462/Project/ad_safety_pipeline/raw/compliant_general/compliant_general_000822.jpg,compliant_general,0,train
compliant_general_000358.jpg,/Users/vijay/462/Project/ad_safety_pipeline/raw/compliant_general/compliant_general_000358.jpg,compliant_general,0,train
alcohol_tobacco_000108.jpg,/Users/vijay/462/Project/ad_safety_pipeline/raw/alcohol_tobacco/alcohol_tobacco_000108.jpg,alcohol_tobacco,1,train
compliant_general_000145.jpg,/Users/vijay/462/Project/ad_safety_pipeline/raw/compliant_general/compliant_general_000145.jpg,compliant_general,0,train
weapon_000001.jpg,/Users/vijay/462/Project/ad_safety_pipeline/raw/weapon/weapon_000001.jpg,weapon,1,train
alcohol_tobacco_000001.jpg,/Users/vijay/462/Project/ad_safety_pipeline/raw/alcohol_tobacco/alcohol_tobacco_000001.jpg,alcohol_tobacco,1,train
compliant_general_000202.jpg,/Users/vijay/462/Project/ad_safety_pipeline/raw/compliant_general/compliant_general_000202.jpg,compliant_general,0,train
compliant_general_000931.jpg,/Users/vijay/462/Project/ad_safety_pipeline/raw/compliant_general/compliant_general_000931.jpg,compliant_general,0,train
compliant_general_000455.jpg,/Users/vijay/462/Project/ad_safety_pipeline/raw/compliant_general/compliant_general_000455.jpg,compliant_general,0,train
compliant_general_000817.jpg,/Users/vijay/462/Project/ad_safety_pipeline/raw/compliant_general/compliant_general_000817.jpg,compliant_general,0,train
compliant_general_000795.jpg,/Users/vijay/462/Project/ad_safety_pipeline/raw/compliant_general/compliant_general_000795.jpg,compliant_general,0,train
compliant_general_000853.jpg,/Users/vijay/462/Project/ad_safety_pipeline/raw/compliant_general/compliant_general_000853.jpg,compliant_general,0,train
compliant_beverages_000087.jpg,/Users/vijay/462/Project/ad_safety_pipeline/raw/compliant_beverages/compliant_beverages_000087.jpg,compliant_beverages,0,train
compliant_general_000640.jpg,/Users/vijay/462/Project/ad_safety_pipeline/raw/compliant_general/compliant_general_000640.jpg,compliant_general,0,train
compliant_general_000760.jpg,/Users/vijay/462/Project/ad_safety_pipeline/raw/compliant_general/compliant_general_000760.jpg,compliant_general,0,train
compliant_general_000167.jpg,/Users/vijay/462/Project/ad_safety_pipeline/raw/compliant_general/compliant_general_000167.jpg,compliant_general,0,train
compliant_general_000872.jpg,/Users/vijay/462/Project/ad_safety_pipeline/raw/compliant_general/compliant_general_000872.jpg,compliant_general,0,train
compliant_general_000761.jpg,/Users/vijay/462/Project/ad_safety_pipeline/raw/compliant_general/compliant_general_000761.jpg,compliant_general,0,train
compliant_general_000831.jpg,/Users/vijay/462/Project/ad_safety_pipeline/raw/compliant_general/compliant_general_000831.jpg,compliant_general,0,train
compliant_cutlery_000027.jpg,/Users/vijay/462/Project/ad_safety_pipeline/raw/compliant_cutlery/compliant_cutlery_000027.jpg,compliant_cutlery,0,train
compliant_general_000152.jpg,/Users/vijay/462/Project/ad_safety_pipeline/raw/compliant_general/compliant_general_000152.jpg,compliant_general,0,train
compliant_general_000213.jpg,/Users/vijay/462/Project/ad_safety_pipeline/raw/compliant_general/compliant_general_000213.jpg,compliant_general,0,train
compliant_general_000786.jpg,/Users/vijay/462/Project/ad_safety_pipeline/raw/compliant_general/compliant_general_000786.jpg,compliant_general,0,train
compliant_general_000476.jpg,/Users/vijay/462/Project/ad_safety_pipeline/raw/compliant_general/compliant_general_000476.jpg,compliant_general,0,train
compliant_general_000131.jpg,/Users/vijay/462/Project/ad_safety_pipeline/raw/compliant_general/compliant_general_000131.jpg,compliant_general,0,train
compliant_general_000136.jpg,/Users/vijay/462/Project/ad_safety_pipeline/raw/compliant_general/compliant_general_000136.jpg,compliant_general,0,train
compliant_general_000810.jpg,/Users/vijay/462/Project/ad_safety_pipeline/raw/compliant_general/compliant_general_000810.jpg,compliant_general,0,train
compliant_general_000752.jpg,/Users/vijay/462/Project/ad_safety_pipeline/raw/compliant_general/compliant_general_000752.jpg,compliant_general,0,train
compliant_general_000961.jpg,/Users/vijay/462/Project/ad_safety_pipeline/raw/compliant_general/compliant_general_000961.jpg,compliant_general,0,train
compliant_general_000758.jpg,/Users/vijay/462/Project/ad_safety_pipeline/raw/compliant_general/compliant_general_000758.jpg,compliant_general,0,train
compliant_general_000883.jpg,/Users/vijay/462/Project/ad_safety_pipeline/raw/compliant_general/compliant_general_000883.jpg,compliant_general,0,train
compliant_general_000299.jpg,/Users/vijay/462/Project/ad_safety_pipeline/raw/compliant_general/compliant_general_000299.jpg,compliant_general,0,train
compliant_general_000149.jpg,/Users/vijay/462/Project/ad_safety_pipeline/raw/compliant_general/compliant_general_000149.jpg,compliant_general,0,train
compliant_general_000516.jpg,/Users/vijay/462/Project/ad_safety_pipeline/raw/compliant_general/compliant_general_000516.jpg,compliant_general,0,train
compliant_general_000060.jpg,/Users/vijay/462/Project/ad_safety_pipeline/raw/compliant_general/compliant_general_000060.jpg,compliant_general,0,train
compliant_general_000185.jpg,/Users/vijay/462/Project/ad_safety_pipeline/raw/compliant_general/compliant_general_000185.jpg,compliant_general,0,train
compliant_general_000081.jpg,/Users/vijay/462/Project/ad_safety_pipeline/raw/compliant_general/compliant_general_000081.jpg,compliant_general,0,train
compliant_general_000613.jpg,/Users/vijay/462/Project/ad_safety_pipeline/raw/compliant_general/compliant_general_000613.jpg,compliant_general,0,train
compliant_general_000770.jpg,/Users/vijay/462/Project/ad_safety_pipeline/raw/compliant_general/compliant_general_000770.jpg,compliant_general,0,train
compliant_general_000687.jpg,/Users/vijay/462/Project/ad_safety_pipeline/raw/compliant_general/compliant_general_000687.jpg,compliant_general,0,train
compliant_general_000028.jpg,/Users/vijay/462/Project/ad_safety_pipeline/raw/compliant_general/compliant_general_000028.jpg,compliant_general,0,train
compliant_general_000563.jpg,/Users/vijay/462/Project/ad_safety_pipeline/raw/compliant_general/compliant_general_000563.jpg,compliant_general,0,train
compliant_general_000044.jpg,/Users/vijay/462/Project/ad_safety_pipeline/raw/compliant_general/compliant_general_000044.jpg,compliant_general,0,train
compliant_general_000698.jpg,/Users/vijay/462/Project/ad_safety_pipeline/raw/compliant_general/compliant_general_000698.jpg,compliant_general,0,train
compliant_general_000252.jpg,/Users/vijay/462/Project/ad_safety_pipeline/raw/compliant_general/compliant_general_000252.jpg,compliant_general,0,train
compliant_general_000886.jpg,/Users/vijay/462/Project/ad_safety_pipeline/raw/compliant_general/compliant_general_000886.jpg,compliant_general,0,train
compliant_beverages_000130.jpg,/Users/vijay/462/Project/ad_safety_pipeline/raw/compliant_beverages/compliant_beverages_000130.jpg,compliant_beverages,0,train
weapon_000095.jpg,/Users/vijay/462/Project/ad_safety_pipeline/raw/weapon/weapon_000095.jpg,weapon,1,train
compliant_general_000524.jpg,/Users/vijay/462/Project/ad_safety_pipeline/raw/compliant_general/compliant_general_000524.jpg,compliant_general,0,train
compliant_general_000067.jpg,/Users/vijay/462/Project/ad_safety_pipeline/raw/compliant_general/compliant_general_000067.jpg,compliant_general,0,train
compliant_general_000768.jpg,/Users/vijay/462/Project/ad_safety_pipeline/raw/compliant_general/compliant_general_000768.jpg,compliant_general,0,train
compliant_general_000246.jpg,/Users/vijay/462/Project/ad_safety_pipeline/raw/compliant_general/compliant_general_000246.jpg,compliant_general,0,train
compliant_general_000367.jpg,/Users/vijay/462/Project/ad_safety_pipeline/raw/compliant_general/compliant_general_000367.jpg,compliant_general,0,train
compliant_general_000395.jpg,/Users/vijay/462/Project/ad_safety_pipeline/raw/compliant_general/compliant_general_000395.jpg,compliant_general,0,train
compliant_general_000542.jpg,/Users/vijay/462/Project/ad_safety_pipeline/raw/compliant_general/compliant_general_000542.jpg,compliant_general,0,train
alcohol_tobacco_000095.jpg,/Users/vijay/462/Project/ad_safety_pipeline/raw/alcohol_tobacco/alcohol_tobacco_000095.jpg,alcohol_tobacco,1,train
compliant_beverages_000038.jpg,/Users/vijay/462/Project/ad_safety_pipeline/raw/compliant_beverages/compliant_beverages_000038.jpg,compliant_beverages,0,train
compliant_general_000298.jpg,/Users/vijay/462/Project/ad_safety_pipeline/raw/compliant_general/compliant_general_000298.jpg,compliant_general,0,train
compliant_general_000374.jpg,/Users/vijay/462/Project/ad_safety_pipeline/raw/compliant_general/compliant_general_000374.jpg,compliant_general,0,train
compliant_beverages_000043.jpg,/Users/vijay/462/Project/ad_safety_pipeline/raw/compliant_beverages/compliant_beverages_000043.jpg,compliant_beverages,0,train
compliant_general_000270.jpg,/Users/vijay/462/Project/ad_safety_pipeline/raw/compliant_general/compliant_general_000270.jpg,compliant_general,0,train
compliant_general_000876.jpg,/Users/vijay/462/Project/ad_safety_pipeline/raw/compliant_general/compliant_general_000876.jpg,compliant_general,0,train
compliant_general_000745.jpg,/Users/vijay/462/Project/ad_safety_pipeline/raw/compliant_general/compliant_general_000745.jpg,compliant_general,0,train
compliant_general_000532.jpg,/Users/vijay/462/Project/ad_safety_pipeline/raw/compliant_general/compliant_general_000532.jpg,compliant_general,0,train
compliant_general_000146.jpg,/Users/vijay/462/Project/ad_safety_pipeline/raw/compliant_general/compliant_general_000146.jpg,compliant_general,0,train
compliant_general_000116.jpg,/Users/vijay/462/Project/ad_safety_pipeline/raw/compliant_general/compliant_general_000116.jpg,compliant_general,0,train
compliant_general_000464.jpg,/Users/vijay/462/Project/ad_safety_pipeline/raw/compliant_general/compliant_general_000464.jpg,compliant_general,0,train
compliant_general_000229.jpg,/Users/vijay/462/Project/ad_safety_pipeline/raw/compliant_general/compliant_general_000229.jpg,compliant_general,0,train
compliant_general_000187.jpg,/Users/vijay/462/Project/ad_safety_pipeline/raw/compliant_general/compliant_general_000187.jpg,compliant_general,0,train
weapon_000098.jpg,/Users/vijay/462/Project/ad_safety_pipeline/raw/weapon/weapon_000098.jpg,weapon,1,train
compliant_general_000308.jpg,/Users/vijay/462/Project/ad_safety_pipeline/raw/compliant_general/compliant_general_000308.jpg,compliant_general,0,train
compliant_beverages_000052.jpg,/Users/vijay/462/Project/ad_safety_pipeline/raw/compliant_beverages/compliant_beverages_000052.jpg,compliant_beverages,0,train
compliant_general_000006.jpg,/Users/vijay/462/Project/ad_safety_pipeline/raw/compliant_general/compliant_general_000006.jpg,compliant_general,0,train
compliant_general_000575.jpg,/Users/vijay/462/Project/ad_safety_pipeline/raw/compliant_general/compliant_general_000575.jpg,compliant_general,0,train
compliant_general_000560.jpg,/Users/vijay/462/Project/ad_safety_pipeline/raw/compliant_general/compliant_general_000560.jpg,compliant_general,0,train
compliant_general_000433.jpg,/Users/vijay/462/Project/ad_safety_pipeline/raw/compliant_general/compliant_general_000433.jpg,compliant_general,0,train
compliant_general_000283.jpg,/Users/vijay/462/Project/ad_safety_pipeline/raw/compliant_general/compliant_general_000283.jpg,compliant_general,0,train
alcohol_tobacco_000089.jpg,/Users/vijay/462/Project/ad_safety_pipeline/raw/alcohol_tobacco/alcohol_tobacco_000089.jpg,alcohol_tobacco,1,train
alcohol_tobacco_000023.jpg,/Users/vijay/462/Project/ad_safety_pipeline/raw/alcohol_tobacco/alcohol_tobacco_000023.jpg,alcohol_tobacco,1,train
compliant_general_000555.jpg,/Users/vijay/462/Project/ad_safety_pipeline/raw/compliant_general/compliant_general_000555.jpg,compliant_general,0,train
weapon_000040.jpg,/Users/vijay/462/Project/ad_safety_pipeline/raw/weapon/weapon_000040.jpg,weapon,1,train
compliant_general_000521.jpg,/Users/vijay/462/Project/ad_safety_pipeline/raw/compliant_general/compliant_general_000521.jpg,compliant_general,0,train
alcohol_tobacco_000119.jpg,/Users/vijay/462/Project/ad_safety_pipeline/raw/alcohol_tobacco/alcohol_tobacco_000119.jpg,alcohol_tobacco,1,train
compliant_beverages_000024.jpg,/Users/vijay/462/Project/ad_safety_pipeline/raw/compliant_beverages/compliant_beverages_000024.jpg,compliant_beverages,0,train
alcohol_tobacco_000177.jpg,/Users/vijay/462/Project/ad_safety_pipeline/raw/alcohol_tobacco/alcohol_tobacco_000177.jpg,alcohol_tobacco,1,train
compliant_beverages_000064.jpg,/Users/vijay/462/Project/ad_safety_pipeline/raw/compliant_beverages/compliant_beverages_000064.jpg,compliant_beverages,0,train
compliant_beverages_000037.jpg,/Users/vijay/462/Project/ad_safety_pipeline/raw/compliant_beverages/compliant_beverages_000037.jpg,compliant_beverages,0,train
compliant_general_000096.jpg,/Users/vijay/462/Project/ad_safety_pipeline/raw/compliant_general/compliant_general_000096.jpg,compliant_general,0,train
compliant_general_000666.jpg,/Users/vijay/462/Project/ad_safety_pipeline/raw/compliant_general/compliant_general_000666.jpg,compliant_general,0,train
compliant_general_000590.jpg,/Users/vijay/462/Project/ad_safety_pipeline/raw/compliant_general/compliant_general_000590.jpg,compliant_general,0,train
compliant_general_000151.jpg,/Users/vijay/462/Project/ad_safety_pipeline/raw/compliant_general/compliant_general_000151.jpg,compliant_general,0,train
compliant_general_000656.jpg,/Users/vijay/462/Project/ad_safety_pipeline/raw/compliant_general/compliant_general_000656.jpg,compliant_general,0,train
compliant_general_000871.jpg,/Users/vijay/462/Project/ad_safety_pipeline/raw/compliant_general/compliant_general_000871.jpg,compliant_general,0,train
compliant_general_000024.jpg,/Users/vijay/462/Project/ad_safety_pipeline/raw/compliant_general/compliant_general_000024.jpg,compliant_general,0,train
weapon_000064.jpg,/Users/vijay/462/Project/ad_safety_pipeline/raw/weapon/weapon_000064.jpg,weapon,1,train
weapon_000014.jpg,/Users/vijay/462/Project/ad_safety_pipeline/raw/weapon/weapon_000014.jpg,weapon,1,train
compliant_general_000684.jpg,/Users/vijay/462/Project/ad_safety_pipeline/raw/compliant_general/compliant_general_000684.jpg,compliant_general,0,train
compliant_general_000568.jpg,/Users/vijay/462/Project/ad_safety_pipeline/raw/compliant_general/compliant_general_000568.jpg,compliant_general,0,train
compliant_beverages_000138.jpg,/Users/vijay/462/Project/ad_safety_pipeline/raw/compliant_beverages/compliant_beverages_000138.jpg,compliant_beverages,0,train
compliant_beverages_000025.jpg,/Users/vijay/462/Project/ad_safety_pipeline/raw/compliant_beverages/compliant_beverages_000025.jpg,compliant_beverages,0,train
alcohol_tobacco_000076.jpg,/Users/vijay/462/Project/ad_safety_pipeline/raw/alcohol_tobacco/alcohol_tobacco_000076.jpg,alcohol_tobacco,1,train
compliant_general_000267.jpg,/Users/vijay/462/Project/ad_safety_pipeline/raw/compliant_general/compliant_general_000267.jpg,compliant_general,0,train
alcohol_tobacco_000105.jpg,/Users/vijay/462/Project/ad_safety_pipeline/raw/alcohol_tobacco/alcohol_tobacco_000105.jpg,alcohol_tobacco,1,train
compliant_general_000295.jpg,/Users/vijay/462/Project/ad_safety_pipeline/raw/compliant_general/compliant_general_000295.jpg,compliant_general,0,train
compliant_general_000580.jpg,/Users/vijay/462/Project/ad_safety_pipeline/raw/compliant_general/compliant_general_000580.jpg,compliant_general,0,train
compliant_general_000382.jpg,/Users/vijay/462/Project/ad_safety_pipeline/raw/compliant_general/compliant_general_000382.jpg,compliant_general,0,train
compliant_cutlery_000047.jpg,/Users/vijay/462/Project/ad_safety_pipeline/raw/compliant_cutlery/compliant_cutlery_000047.jpg,compliant_cutlery,0,train
compliant_general_000223.jpg,/Users/vijay/462/Project/ad_safety_pipeline/raw/compliant_general/compliant_general_000223.jpg,compliant_general,0,train
compliant_cutlery_000005.jpg,/Users/vijay/462/Project/ad_safety_pipeline/raw/compliant_cutlery/compliant_cutlery_000005.jpg,compliant_cutlery,0,train
compliant_general_000520.jpg,/Users/vijay/462/Project/ad_safety_pipeline/raw/compliant_general/compliant_general_000520.jpg,compliant_general,0,train
compliant_general_000779.jpg,/Users/vijay/462/Project/ad_safety_pipeline/raw/compliant_general/compliant_general_000779.jpg,compliant_general,0,train
compliant_beverages_000101.jpg,/Users/vijay/462/Project/ad_safety_pipeline/raw/compliant_beverages/compliant_beverages_000101.jpg,compliant_beverages,0,train
compliant_general_000996.jpg,/Users/vijay/462/Project/ad_safety_pipeline/raw/compliant_general/compliant_general_000996.jpg,compliant_general,0,train
compliant_general_000319.jpg,/Users/vijay/462/Project/ad_safety_pipeline/raw/compliant_general/compliant_general_000319.jpg,compliant_general,0,train
alcohol_tobacco_000158.jpg,/Users/vijay/462/Project/ad_safety_pipeline/raw/alcohol_tobacco/alcohol_tobacco_000158.jpg,alcohol_tobacco,1,train
compliant_general_000499.jpg,/Users/vijay/462/Project/ad_safety_pipeline/raw/compliant_general/compliant_general_000499.jpg,compliant_general,0,train
alcohol_tobacco_000090.jpg,/Users/vijay/462/Project/ad_safety_pipeline/raw/alcohol_tobacco/alcohol_tobacco_000090.jpg,alcohol_tobacco,1,train
alcohol_tobacco_000050.jpg,/Users/vijay/462/Project/ad_safety_pipeline/raw/alcohol_tobacco/alcohol_tobacco_000050.jpg,alcohol_tobacco,1,train
compliant_general_000233.jpg,/Users/vijay/462/Project/ad_safety_pipeline/raw/compliant_general/compliant_general_000233.jpg,compliant_general,0,train
compliant_beverages_000047.jpg,/Users/vijay/462/Project/ad_safety_pipeline/raw/compliant_beverages/compliant_beverages_000047.jpg,compliant_beverages,0,train
compliant_general_000206.jpg,/Users/vijay/462/Project/ad_safety_pipeline/raw/compliant_general/compliant_general_000206.jpg,compliant_general,0,train
compliant_general_000633.jpg,/Users/vijay/462/Project/ad_safety_pipeline/raw/compliant_general/compliant_general_000633.jpg,compliant_general,0,train
compliant_general_000069.jpg,/Users/vijay/462/Project/ad_safety_pipeline/raw/compliant_general/compliant_general_000069.jpg,compliant_general,0,train
compliant_general_000917.jpg,/Users/vijay/462/Project/ad_safety_pipeline/raw/compliant_general/compliant_general_000917.jpg,compliant_general,0,train
compliant_general_000525.jpg,/Users/vijay/462/Project/ad_safety_pipeline/raw/compliant_general/compliant_general_000525.jpg,compliant_general,0,train
compliant_general_000529.jpg,/Users/vijay/462/Project/ad_safety_pipeline/raw/compliant_general/compliant_general_000529.jpg,compliant_general,0,train
compliant_general_000915.jpg,/Users/vijay/462/Project/ad_safety_pipeline/raw/compliant_general/compliant_general_000915.jpg,compliant_general,0,train
compliant_general_000608.jpg,/Users/vijay/462/Project/ad_safety_pipeline/raw/compliant_general/compliant_general_000608.jpg,compliant_general,0,train
alcohol_tobacco_000094.jpg,/Users/vijay/462/Project/ad_safety_pipeline/raw/alcohol_tobacco/alcohol_tobacco_000094.jpg,alcohol_tobacco,1,train
weapon_000034.jpg,/Users/vijay/462/Project/ad_safety_pipeline/raw/weapon/weapon_000034.jpg,weapon,1,train
compliant_general_000279.jpg,/Users/vijay/462/Project/ad_safety_pipeline/raw/compliant_general/compliant_general_000279.jpg,compliant_general,0,train
compliant_general_000012.jpg,/Users/vijay/462/Project/ad_safety_pipeline/raw/compliant_general/compliant_general_000012.jpg,compliant_general,0,train
compliant_general_000975.jpg,/Users/vijay/462/Project/ad_safety_pipeline/raw/compliant_general/compliant_general_000975.jpg,compliant_general,0,train
compliant_general_000894.jpg,/Users/vijay/462/Project/ad_safety_pipeline/raw/compliant_general/compliant_general_000894.jpg,compliant_general,0,train
weapon_000091.jpg,/Users/vijay/462/Project/ad_safety_pipeline/raw/weapon/weapon_000091.jpg,weapon,1,train
compliant_general_000867.jpg,/Users/vijay/462/Project/ad_safety_pipeline/raw/compliant_general/compliant_general_000867.jpg,compliant_general,0,train
compliant_general_000401.jpg,/Users/vijay/462/Project/ad_safety_pipeline/raw/compliant_general/compliant_general_000401.jpg,compliant_general,0,train
compliant_general_000068.jpg,/Users/vijay/462/Project/ad_safety_pipeline/raw/compliant_general/compliant_general_000068.jpg,compliant_general,0,train
compliant_general_000873.jpg,/Users/vijay/462/Project/ad_safety_pipeline/raw/compliant_general/compliant_general_000873.jpg,compliant_general,0,train
compliant_general_000280.jpg,/Users/vijay/462/Project/ad_safety_pipeline/raw/compliant_general/compliant_general_000280.jpg,compliant_general,0,train
alcohol_tobacco_000130.jpg,/Users/vijay/462/Project/ad_safety_pipeline/raw/alcohol_tobacco/alcohol_tobacco_000130.jpg,alcohol_tobacco,1,train
weapon_000013.jpg,/Users/vijay/462/Project/ad_safety_pipeline/raw/weapon/weapon_000013.jpg,weapon,1,train
compliant_cutlery_000025.jpg,/Users/vijay/462/Project/ad_safety_pipeline/raw/compliant_cutlery/compliant_cutlery_000025.jpg,compliant_cutlery,0,train
compliant_general_000104.jpg,/Users/vijay/462/Project/ad_safety_pipeline/raw/compliant_general/compliant_general_000104.jpg,compliant_general,0,train
compliant_beverages_000033.jpg,/Users/vijay/462/Project/ad_safety_pipeline/raw/compliant_beverages/compliant_beverages_000033.jpg,compliant_beverages,0,train
compliant_general_000801.jpg,/Users/vijay/462/Project/ad_safety_pipeline/raw/compliant_general/compliant_general_000801.jpg,compliant_general,0,train
alcohol_tobacco_000055.jpg,/Users/vijay/462/Project/ad_safety_pipeline/raw/alcohol_tobacco/alcohol_tobacco_000055.jpg,alcohol_tobacco,1,train
compliant_general_000344.jpg,/Users/vijay/462/Project/ad_safety_pipeline/raw/compliant_general/compliant_general_000344.jpg,compliant_general,0,train
weapon_000020.jpg,/Users/vijay/462/Project/ad_safety_pipeline/raw/weapon/weapon_000020.jpg,weapon,1,train
compliant_general_000150.jpg,/Users/vijay/462/Project/ad_safety_pipeline/raw/compliant_general/compliant_general_000150.jpg,compliant_general,0,train
compliant_general_000658.jpg,/Users/vijay/462/Project/ad_safety_pipeline/raw/compliant_general/compliant_general_000658.jpg,compliant_general,0,train
compliant_general_000335.jpg,/Users/vijay/462/Project/ad_safety_pipeline/raw/compliant_general/compliant_general_000335.jpg,compliant_general,0,train
compliant_general_000771.jpg,/Users/vijay/462/Project/ad_safety_pipeline/raw/compliant_general/compliant_general_000771.jpg,compliant_general,0,train
compliant_general_000066.jpg,/Users/vijay/462/Project/ad_safety_pipeline/raw/compliant_general/compliant_general_000066.jpg,compliant_general,0,train
compliant_general_000960.jpg,/Users/vijay/462/Project/ad_safety_pipeline/raw/compliant_general/compliant_general_000960.jpg,compliant_general,0,train
compliant_general_000190.jpg,/Users/vijay/462/Project/ad_safety_pipeline/raw/compliant_general/compliant_general_000190.jpg,compliant_general,0,train
compliant_general_000461.jpg,/Users/vijay/462/Project/ad_safety_pipeline/raw/compliant_general/compliant_general_000461.jpg,compliant_general,0,train
alcohol_tobacco_000078.jpg,/Users/vijay/462/Project/ad_safety_pipeline/raw/alcohol_tobacco/alcohol_tobacco_000078.jpg,alcohol_tobacco,1,train
compliant_general_000479.jpg,/Users/vijay/462/Project/ad_safety_pipeline/raw/compliant_general/compliant_general_000479.jpg,compliant_general,0,train
compliant_general_000203.jpg,/Users/vijay/462/Project/ad_safety_pipeline/raw/compliant_general/compliant_general_000203.jpg,compliant_general,0,train
compliant_general_000014.jpg,/Users/vijay/462/Project/ad_safety_pipeline/raw/compliant_general/compliant_general_000014.jpg,compliant_general,0,train
compliant_general_000586.jpg,/Users/vijay/462/Project/ad_safety_pipeline/raw/compliant_general/compliant_general_000586.jpg,compliant_general,0,train
compliant_beverages_000120.jpg,/Users/vijay/462/Project/ad_safety_pipeline/raw/compliant_beverages/compliant_beverages_000120.jpg,compliant_beverages,0,train
compliant_general_000360.jpg,/Users/vijay/462/Project/ad_safety_pipeline/raw/compliant_general/compliant_general_000360.jpg,compliant_general,0,train
compliant_general_000251.jpg,/Users/vijay/462/Project/ad_safety_pipeline/raw/compliant_general/compliant_general_000251.jpg,compliant_general,0,train
alcohol_tobacco_000141.jpg,/Users/vijay/462/Project/ad_safety_pipeline/raw/alcohol_tobacco/alcohol_tobacco_000141.jpg,alcohol_tobacco,1,train
weapon_000021.jpg,/Users/vijay/462/Project/ad_safety_pipeline/raw/weapon/weapon_000021.jpg,weapon,1,train
compliant_general_000841.jpg,/Users/vijay/462/Project/ad_safety_pipeline/raw/compliant_general/compliant_general_000841.jpg,compliant_general,0,train
compliant_beverages_000105.jpg,/Users/vijay/462/Project/ad_safety_pipeline/raw/compliant_beverages/compliant_beverages_000105.jpg,compliant_beverages,0,train
compliant_general_000688.jpg,/Users/vijay/462/Project/ad_safety_pipeline/raw/compliant_general/compliant_general_000688.jpg,compliant_general,0,train
alcohol_tobacco_000165.jpg,/Users/vijay/462/Project/ad_safety_pipeline/raw/alcohol_tobacco/alcohol_tobacco_000165.jpg,alcohol_tobacco,1,train
compliant_general_000459.jpg,/Users/vijay/462/Project/ad_safety_pipeline/raw/compliant_general/compliant_general_000459.jpg,compliant_general,0,train
compliant_general_000719.jpg,/Users/vijay/462/Project/ad_safety_pipeline/raw/compliant_general/compliant_general_000719.jpg,compliant_general,0,train
compliant_beverages_000031.jpg,/Users/vijay/462/Project/ad_safety_pipeline/raw/compliant_beverages/compliant_beverages_000031.jpg,compliant_beverages,0,train
compliant_general_000309.jpg,/Users/vijay/462/Project/ad_safety_pipeline/raw/compliant_general/compliant_general_000309.jpg,compliant_general,0,train
compliant_general_000941.jpg,/Users/vijay/462/Project/ad_safety_pipeline/raw/compliant_general/compliant_general_000941.jpg,compliant_general,0,train
compliant_cutlery_000053.jpg,/Users/vijay/462/Project/ad_safety_pipeline/raw/compliant_cutlery/compliant_cutlery_000053.jpg,compliant_cutlery,0,train
compliant_general_000273.jpg,/Users/vijay/462/Project/ad_safety_pipeline/raw/compliant_general/compliant_general_000273.jpg,compliant_general,0,train
compliant_general_000836.jpg,/Users/vijay/462/Project/ad_safety_pipeline/raw/compliant_general/compliant_general_000836.jpg,compliant_general,0,train
alcohol_tobacco_000019.jpg,/Users/vijay/462/Project/ad_safety_pipeline/raw/alcohol_tobacco/alcohol_tobacco_000019.jpg,alcohol_tobacco,1,train
compliant_general_000375.jpg,/Users/vijay/462/Project/ad_safety_pipeline/raw/compliant_general/compliant_general_000375.jpg,compliant_general,0,train
compliant_general_000627.jpg,/Users/vijay/462/Project/ad_safety_pipeline/raw/compliant_general/compliant_general_000627.jpg,compliant_general,0,train
compliant_general_000900.jpg,/Users/vijay/462/Project/ad_safety_pipeline/raw/compliant_general/compliant_general_000900.jpg,compliant_general,0,train
weapon_000087.jpg,/Users/vijay/462/Project/ad_safety_pipeline/raw/weapon/weapon_000087.jpg,weapon,1,train
compliant_general_000986.jpg,/Users/vijay/462/Project/ad_safety_pipeline/raw/compliant_general/compliant_general_000986.jpg,compliant_general,0,train
compliant_cutlery_000040.jpg,/Users/vijay/462/Project/ad_safety_pipeline/raw/compliant_cutlery/compliant_cutlery_000040.jpg,compliant_cutlery,0,train
compliant_general_000742.jpg,/Users/vijay/462/Project/ad_safety_pipeline/raw/compliant_general/compliant_general_000742.jpg,compliant_general,0,train
compliant_beverages_000112.jpg,/Users/vijay/462/Project/ad_safety_pipeline/raw/compliant_beverages/compliant_beverages_000112.jpg,compliant_beverages,0,train
alcohol_tobacco_000010.jpg,/Users/vijay/462/Project/ad_safety_pipeline/raw/alcohol_tobacco/alcohol_tobacco_000010.jpg,alcohol_tobacco,1,train
compliant_general_000548.jpg,/Users/vijay/462/Project/ad_safety_pipeline/raw/compliant_general/compliant_general_000548.jpg,compliant_general,0,train
compliant_general_000599.jpg,/Users/vijay/462/Project/ad_safety_pipeline/raw/compliant_general/compliant_general_000599.jpg,compliant_general,0,train
compliant_general_000634.jpg,/Users/vijay/462/Project/ad_safety_pipeline/raw/compliant_general/compliant_general_000634.jpg,compliant_general,0,train
compliant_general_000798.jpg,/Users/vijay/462/Project/ad_safety_pipeline/raw/compliant_general/compliant_general_000798.jpg,compliant_general,0,train
compliant_general_000364.jpg,/Users/vijay/462/Project/ad_safety_pipeline/raw/compliant_general/compliant_general_000364.jpg,compliant_general,0,train
compliant_general_000963.jpg,/Users/vijay/462/Project/ad_safety_pipeline/raw/compliant_general/compliant_general_000963.jpg,compliant_general,0,train
compliant_general_000630.jpg,/Users/vijay/462/Project/ad_safety_pipeline/raw/compliant_general/compliant_general_000630.jpg,compliant_general,0,train
compliant_cutlery_000061.jpg,/Users/vijay/462/Project/ad_safety_pipeline/raw/compliant_cutlery/compliant_cutlery_000061.jpg,compliant_cutlery,0,val
alcohol_tobacco_000129.jpg,/Users/vijay/462/Project/ad_safety_pipeline/raw/alcohol_tobacco/alcohol_tobacco_000129.jpg,alcohol_tobacco,1,val
alcohol_tobacco_000107.jpg,/Users/vijay/462/Project/ad_safety_pipeline/raw/alcohol_tobacco/alcohol_tobacco_000107.jpg,alcohol_tobacco,1,val
weapon_000043.jpg,/Users/vijay/462/Project/ad_safety_pipeline/raw/weapon/weapon_000043.jpg,weapon,1,val
compliant_general_000655.jpg,/Users/vijay/462/Project/ad_safety_pipeline/raw/compliant_general/compliant_general_000655.jpg,compliant_general,0,val
compliant_general_000466.jpg,/Users/vijay/462/Project/ad_safety_pipeline/raw/compliant_general/compliant_general_000466.jpg,compliant_general,0,val
compliant_general_000838.jpg,/Users/vijay/462/Project/ad_safety_pipeline/raw/compliant_general/compliant_general_000838.jpg,compliant_general,0,val
compliant_general_000669.jpg,/Users/vijay/462/Project/ad_safety_pipeline/raw/compliant_general/compliant_general_000669.jpg,compliant_general,0,val
compliant_general_000032.jpg,/Users/vijay/462/Project/ad_safety_pipeline/raw/compliant_general/compliant_general_000032.jpg,compliant_general,0,val
weapon_000065.jpg,/Users/vijay/462/Project/ad_safety_pipeline/raw/weapon/weapon_000065.jpg,weapon,1,val
compliant_general_000641.jpg,/Users/vijay/462/Project/ad_safety_pipeline/raw/compliant_general/compliant_general_000641.jpg,compliant_general,0,val
compliant_general_000858.jpg,/Users/vijay/462/Project/ad_safety_pipeline/raw/compliant_general/compliant_general_000858.jpg,compliant_general,0,val
compliant_general_000080.jpg,/Users/vijay/462/Project/ad_safety_pipeline/raw/compliant_general/compliant_general_000080.jpg,compliant_general,0,val
compliant_general_000260.jpg,/Users/vijay/462/Project/ad_safety_pipeline/raw/compliant_general/compliant_general_000260.jpg,compliant_general,0,val
compliant_general_000010.jpg,/Users/vijay/462/Project/ad_safety_pipeline/raw/compliant_general/compliant_general_000010.jpg,compliant_general,0,val
compliant_general_000932.jpg,/Users/vijay/462/Project/ad_safety_pipeline/raw/compliant_general/compliant_general_000932.jpg,compliant_general,0,val
compliant_general_000505.jpg,/Users/vijay/462/Project/ad_safety_pipeline/raw/compliant_general/compliant_general_000505.jpg,compliant_general,0,val
compliant_general_000478.jpg,/Users/vijay/462/Project/ad_safety_pipeline/raw/compliant_general/compliant_general_000478.jpg,compliant_general,0,val
compliant_general_000109.jpg,/Users/vijay/462/Project/ad_safety_pipeline/raw/compliant_general/compliant_general_000109.jpg,compliant_general,0,val
compliant_general_000065.jpg,/Users/vijay/462/Project/ad_safety_pipeline/raw/compliant_general/compliant_general_000065.jpg,compliant_general,0,val
compliant_general_000609.jpg,/Users/vijay/462/Project/ad_safety_pipeline/raw/compliant_general/compliant_general_000609.jpg,compliant_general,0,val
compliant_general_000991.jpg,/Users/vijay/462/Project/ad_safety_pipeline/raw/compliant_general/compliant_general_000991.jpg,compliant_general,0,val
compliant_general_000429.jpg,/Users/vijay/462/Project/ad_safety_pipeline/raw/compliant_general/compliant_general_000429.jpg,compliant_general,0,val
compliant_general_000285.jpg,/Users/vijay/462/Project/ad_safety_pipeline/raw/compliant_general/compliant_general_000285.jpg,compliant_general,0,val
compliant_general_000868.jpg,/Users/vijay/462/Project/ad_safety_pipeline/raw/compliant_general/compliant_general_000868.jpg,compliant_general,0,val
compliant_general_000412.jpg,/Users/vijay/462/Project/ad_safety_pipeline/raw/compliant_general/compliant_general_000412.jpg,compliant_general,0,val
compliant_beverages_000136.jpg,/Users/vijay/462/Project/ad_safety_pipeline/raw/compliant_beverages/compliant_beverages_000136.jpg,compliant_beverages,0,val
compliant_general_000952.jpg,/Users/vijay/462/Project/ad_safety_pipeline/raw/compliant_general/compliant_general_000952.jpg,compliant_general,0,val
compliant_general_000874.jpg,/Users/vijay/462/Project/ad_safety_pipeline/raw/compliant_general/compliant_general_000874.jpg,compliant_general,0,val
alcohol_tobacco_000159.jpg,/Users/vijay/462/Project/ad_safety_pipeline/raw/alcohol_tobacco/alcohol_tobacco_000159.jpg,alcohol_tobacco,1,val
compliant_general_000132.jpg,/Users/vijay/462/Project/ad_safety_pipeline/raw/compliant_general/compliant_general_000132.jpg,compliant_general,0,val
compliant_general_000422.jpg,/Users/vijay/462/Project/ad_safety_pipeline/raw/compliant_general/compliant_general_000422.jpg,compliant_general,0,val
compliant_general_000501.jpg,/Users/vijay/462/Project/ad_safety_pipeline/raw/compliant_general/compliant_general_000501.jpg,compliant_general,0,val
compliant_general_000793.jpg,/Users/vijay/462/Project/ad_safety_pipeline/raw/compliant_general/compliant_general_000793.jpg,compliant_general,0,val
alcohol_tobacco_000064.jpg,/Users/vijay/462/Project/ad_safety_pipeline/raw/alcohol_tobacco/alcohol_tobacco_000064.jpg,alcohol_tobacco,1,val
compliant_general_000955.jpg,/Users/vijay/462/Project/ad_safety_pipeline/raw/compliant_general/compliant_general_000955.jpg,compliant_general,0,val
compliant_general_000121.jpg,/Users/vijay/462/Project/ad_safety_pipeline/raw/compliant_general/compliant_general_000121.jpg,compliant_general,0,val
compliant_general_000082.jpg,/Users/vijay/462/Project/ad_safety_pipeline/raw/compliant_general/compliant_general_000082.jpg,compliant_general,0,val
compliant_general_000589.jpg,/Users/vijay/462/Project/ad_safety_pipeline/raw/compliant_general/compliant_general_000589.jpg,compliant_general,0,val
compliant_general_000102.jpg,/Users/vijay/462/Project/ad_safety_pipeline/raw/compliant_general/compliant_general_000102.jpg,compliant_general,0,val
compliant_general_000483.jpg,/Users/vijay/462/Project/ad_safety_pipeline/raw/compliant_general/compliant_general_000483.jpg,compliant_general,0,val
compliant_general_000885.jpg,/Users/vijay/462/Project/ad_safety_pipeline/raw/compliant_general/compliant_general_000885.jpg,compliant_general,0,val
compliant_general_000736.jpg,/Users/vijay/462/Project/ad_safety_pipeline/raw/compliant_general/compliant_general_000736.jpg,compliant_general,0,val
compliant_general_000502.jpg,/Users/vijay/462/Project/ad_safety_pipeline/raw/compliant_general/compliant_general_000502.jpg,compliant_general,0,val
weapon_000099.jpg,/Users/vijay/462/Project/ad_safety_pipeline/raw/weapon/weapon_000099.jpg,weapon,1,val
compliant_general_000219.jpg,/Users/vijay/462/Project/ad_safety_pipeline/raw/compliant_general/compliant_general_000219.jpg,compliant_general,0,val
compliant_general_000765.jpg,/Users/vijay/462/Project/ad_safety_pipeline/raw/compliant_general/compliant_general_000765.jpg,compliant_general,0,val
compliant_cutlery_000063.jpg,/Users/vijay/462/Project/ad_safety_pipeline/raw/compliant_cutlery/compliant_cutlery_000063.jpg,compliant_cutlery,0,val
compliant_general_000970.jpg,/Users/vijay/462/Project/ad_safety_pipeline/raw/compliant_general/compliant_general_000970.jpg,compliant_general,0,val
alcohol_tobacco_000164.jpg,/Users/vijay/462/Project/ad_safety_pipeline/raw/alcohol_tobacco/alcohol_tobacco_000164.jpg,alcohol_tobacco,1,val
compliant_general_000017.jpg,/Users/vijay/462/Project/ad_safety_pipeline/raw/compliant_general/compliant_general_000017.jpg,compliant_general,0,val
compliant_general_000204.jpg,/Users/vijay/462/Project/ad_safety_pipeline/raw/compliant_general/compliant_general_000204.jpg,compliant_general,0,val
compliant_general_000577.jpg,/Users/vijay/462/Project/ad_safety_pipeline/raw/compliant_general/compliant_general_000577.jpg,compliant_general,0,val
compliant_general_000413.jpg,/Users/vijay/462/Project/ad_safety_pipeline/raw/compliant_general/compliant_general_000413.jpg,compliant_general,0,val
compliant_general_000546.jpg,/Users/vijay/462/Project/ad_safety_pipeline/raw/compliant_general/compliant_general_000546.jpg,compliant_general,0,val
weapon_000063.jpg,/Users/vijay/462/Project/ad_safety_pipeline/raw/weapon/weapon_000063.jpg,weapon,1,val
alcohol_tobacco_000085.jpg,/Users/vijay/462/Project/ad_safety_pipeline/raw/alcohol_tobacco/alcohol_tobacco_000085.jpg,alcohol_tobacco,1,val
compliant_general_000691.jpg,/Users/vijay/462/Project/ad_safety_pipeline/raw/compliant_general/compliant_general_000691.jpg,compliant_general,0,val
compliant_general_000215.jpg,/Users/vijay/462/Project/ad_safety_pipeline/raw/compliant_general/compliant_general_000215.jpg,compliant_general,0,val
weapon_000015.jpg,/Users/vijay/462/Project/ad_safety_pipeline/raw/weapon/weapon_000015.jpg,weapon,1,val
compliant_general_000953.jpg,/Users/vijay/462/Project/ad_safety_pipeline/raw/compliant_general/compliant_general_000953.jpg,compliant_general,0,val
compliant_general_000802.jpg,/Users/vijay/462/Project/ad_safety_pipeline/raw/compliant_general/compliant_general_000802.jpg,compliant_general,0,val
compliant_beverages_000020.jpg,/Users/vijay/462/Project/ad_safety_pipeline/raw/compliant_beverages/compliant_beverages_000020.jpg,compliant_beverages,0,val
compliant_general_000916.jpg,/Users/vijay/462/Project/ad_safety_pipeline/raw/compliant_general/compliant_general_000916.jpg,compliant_general,0,val
compliant_beverages_000062.jpg,/Users/vijay/462/Project/ad_safety_pipeline/raw/compliant_beverages/compliant_beverages_000062.jpg,compliant_beverages,0,val
compliant_general_000313.jpg,/Users/vijay/462/Project/ad_safety_pipeline/raw/compliant_general/compliant_general_000313.jpg,compliant_general,0,val
compliant_general_000456.jpg,/Users/vijay/462/Project/ad_safety_pipeline/raw/compliant_general/compliant_general_000456.jpg,compliant_general,0,val
compliant_general_000767.jpg,/Users/vijay/462/Project/ad_safety_pipeline/raw/compliant_general/compliant_general_000767.jpg,compliant_general,0,val
compliant_general_000443.jpg,/Users/vijay/462/Project/ad_safety_pipeline/raw/compliant_general/compliant_general_000443.jpg,compliant_general,0,val
compliant_general_000094.jpg,/Users/vijay/462/Project/ad_safety_pipeline/raw/compliant_general/compliant_general_000094.jpg,compliant_general,0,val
compliant_general_000673.jpg,/Users/vijay/462/Project/ad_safety_pipeline/raw/compliant_general/compliant_general_000673.jpg,compliant_general,0,val
compliant_general_000503.jpg,/Users/vijay/462/Project/ad_safety_pipeline/raw/compliant_general/compliant_general_000503.jpg,compliant_general,0,val
compliant_general_000092.jpg,/Users/vijay/462/Project/ad_safety_pipeline/raw/compliant_general/compliant_general_000092.jpg,compliant_general,0,val
compliant_general_000692.jpg,/Users/vijay/462/Project/ad_safety_pipeline/raw/compliant_general/compliant_general_000692.jpg,compliant_general,0,val
compliant_general_000848.jpg,/Users/vijay/462/Project/ad_safety_pipeline/raw/compliant_general/compliant_general_000848.jpg,compliant_general,0,val
compliant_general_000544.jpg,/Users/vijay/462/Project/ad_safety_pipeline/raw/compliant_general/compliant_general_000544.jpg,compliant_general,0,val
compliant_general_000583.jpg,/Users/vijay/462/Project/ad_safety_pipeline/raw/compliant_general/compliant_general_000583.jpg,compliant_general,0,val
weapon_000029.jpg,/Users/vijay/462/Project/ad_safety_pipeline/raw/weapon/weapon_000029.jpg,weapon,1,val
compliant_cutlery_000026.jpg,/Users/vijay/462/Project/ad_safety_pipeline/raw/compliant_cutlery/compliant_cutlery_000026.jpg,compliant_cutlery,0,val
compliant_general_000665.jpg,/Users/vijay/462/Project/ad_safety_pipeline/raw/compliant_general/compliant_general_000665.jpg,compliant_general,0,val
weapon_000076.jpg,/Users/vijay/462/Project/ad_safety_pipeline/raw/weapon/weapon_000076.jpg,weapon,1,val
compliant_general_000891.jpg,/Users/vijay/462/Project/ad_safety_pipeline/raw/compliant_general/compliant_general_000891.jpg,compliant_general,0,val
alcohol_tobacco_000000.jpg,/Users/vijay/462/Project/ad_safety_pipeline/raw/alcohol_tobacco/alcohol_tobacco_000000.jpg,alcohol_tobacco,1,val
compliant_general_000892.jpg,/Users/vijay/462/Project/ad_safety_pipeline/raw/compliant_general/compliant_general_000892.jpg,compliant_general,0,val
compliant_beverages_000099.jpg,/Users/vijay/462/Project/ad_safety_pipeline/raw/compliant_beverages/compliant_beverages_000099.jpg,compliant_beverages,0,val
weapon_000070.jpg,/Users/vijay/462/Project/ad_safety_pipeline/raw/weapon/weapon_000070.jpg,weapon,1,val
compliant_general_000055.jpg,/Users/vijay/462/Project/ad_safety_pipeline/raw/compliant_general/compliant_general_000055.jpg,compliant_general,0,val
compliant_general_000582.jpg,/Users/vijay/462/Project/ad_safety_pipeline/raw/compliant_general/compliant_general_000582.jpg,compliant_general,0,val
compliant_general_000945.jpg,/Users/vijay/462/Project/ad_safety_pipeline/raw/compliant_general/compliant_general_000945.jpg,compliant_general,0,val
compliant_general_000710.jpg,/Users/vijay/462/Project/ad_safety_pipeline/raw/compliant_general/compliant_general_000710.jpg,compliant_general,0,val
compliant_general_000209.jpg,/Users/vijay/462/Project/ad_safety_pipeline/raw/compliant_general/compliant_general_000209.jpg,compliant_general,0,val
compliant_beverages_000079.jpg,/Users/vijay/462/Project/ad_safety_pipeline/raw/compliant_beverages/compliant_beverages_000079.jpg,compliant_beverages,0,val
alcohol_tobacco_000109.jpg,/Users/vijay/462/Project/ad_safety_pipeline/raw/alcohol_tobacco/alcohol_tobacco_000109.jpg,alcohol_tobacco,1,val
compliant_general_000026.jpg,/Users/vijay/462/Project/ad_safety_pipeline/raw/compliant_general/compliant_general_000026.jpg,compliant_general,0,val
compliant_general_000228.jpg,/Users/vijay/462/Project/ad_safety_pipeline/raw/compliant_general/compliant_general_000228.jpg,compliant_general,0,val
compliant_beverages_000028.jpg,/Users/vijay/462/Project/ad_safety_pipeline/raw/compliant_beverages/compliant_beverages_000028.jpg,compliant_beverages,0,val
compliant_general_000749.jpg,/Users/vijay/462/Project/ad_safety_pipeline/raw/compliant_general/compliant_general_000749.jpg,compliant_general,0,val
compliant_general_000359.jpg,/Users/vijay/462/Project/ad_safety_pipeline/raw/compliant_general/compliant_general_000359.jpg,compliant_general,0,val
compliant_general_000534.jpg,/Users/vijay/462/Project/ad_safety_pipeline/raw/compliant_general/compliant_general_000534.jpg,compliant_general,0,val
compliant_general_000036.jpg,/Users/vijay/462/Project/ad_safety_pipeline/raw/compliant_general/compliant_general_000036.jpg,compliant_general,0,val
weapon_000044.jpg,/Users/vijay/462/Project/ad_safety_pipeline/raw/weapon/weapon_000044.jpg,weapon,1,val
compliant_general_000733.jpg,/Users/vijay/462/Project/ad_safety_pipeline/raw/compliant_general/compliant_general_000733.jpg,compliant_general,0,val
compliant_general_000052.jpg,/Users/vijay/462/Project/ad_safety_pipeline/raw/compliant_general/compliant_general_000052.jpg,compliant_general,0,val
compliant_general_000854.jpg,/Users/vijay/462/Project/ad_safety_pipeline/raw/compliant_general/compliant_general_000854.jpg,compliant_general,0,val
weapon_000078.jpg,/Users/vijay/462/Project/ad_safety_pipeline/raw/weapon/weapon_000078.jpg,weapon,1,val
compliant_general_000154.jpg,/Users/vijay/462/Project/ad_safety_pipeline/raw/compliant_general/compliant_general_000154.jpg,compliant_general,0,val
compliant_general_000707.jpg,/Users/vijay/462/Project/ad_safety_pipeline/raw/compliant_general/compliant_general_000707.jpg,compliant_general,0,val
compliant_general_000421.jpg,/Users/vijay/462/Project/ad_safety_pipeline/raw/compliant_general/compliant_general_000421.jpg,compliant_general,0,val
alcohol_tobacco_000081.jpg,/Users/vijay/462/Project/ad_safety_pipeline/raw/alcohol_tobacco/alcohol_tobacco_000081.jpg,alcohol_tobacco,1,val
compliant_general_000411.jpg,/Users/vijay/462/Project/ad_safety_pipeline/raw/compliant_general/compliant_general_000411.jpg,compliant_general,0,val
compliant_beverages_000124.jpg,/Users/vijay/462/Project/ad_safety_pipeline/raw/compliant_beverages/compliant_beverages_000124.jpg,compliant_beverages,0,val
compliant_general_000800.jpg,/Users/vijay/462/Project/ad_safety_pipeline/raw/compliant_general/compliant_general_000800.jpg,compliant_general,0,val
compliant_general_000340.jpg,/Users/vijay/462/Project/ad_safety_pipeline/raw/compliant_general/compliant_general_000340.jpg,compliant_general,0,val
compliant_general_000882.jpg,/Users/vijay/462/Project/ad_safety_pipeline/raw/compliant_general/compliant_general_000882.jpg,compliant_general,0,val
compliant_general_000214.jpg,/Users/vijay/462/Project/ad_safety_pipeline/raw/compliant_general/compliant_general_000214.jpg,compliant_general,0,val
compliant_general_000554.jpg,/Users/vijay/462/Project/ad_safety_pipeline/raw/compliant_general/compliant_general_000554.jpg,compliant_general,0,val
compliant_general_000788.jpg,/Users/vijay/462/Project/ad_safety_pipeline/raw/compliant_general/compliant_general_000788.jpg,compliant_general,0,val
compliant_general_000813.jpg,/Users/vijay/462/Project/ad_safety_pipeline/raw/compliant_general/compliant_general_000813.jpg,compliant_general,0,val
weapon_000081.jpg,/Users/vijay/462/Project/ad_safety_pipeline/raw/weapon/weapon_000081.jpg,weapon,1,val
compliant_general_000508.jpg,/Users/vijay/462/Project/ad_safety_pipeline/raw/compliant_general/compliant_general_000508.jpg,compliant_general,0,val
compliant_general_000488.jpg,/Users/vijay/462/Project/ad_safety_pipeline/raw/compliant_general/compliant_general_000488.jpg,compliant_general,0,val
compliant_beverages_000061.jpg,/Users/vijay/462/Project/ad_safety_pipeline/raw/compliant_beverages/compliant_beverages_000061.jpg,compliant_beverages,0,val
compliant_general_000785.jpg,/Users/vijay/462/Project/ad_safety_pipeline/raw/compliant_general/compliant_general_000785.jpg,compliant_general,0,val
alcohol_tobacco_000166.jpg,/Users/vijay/462/Project/ad_safety_pipeline/raw/alcohol_tobacco/alcohol_tobacco_000166.jpg,alcohol_tobacco,1,val
compliant_general_000095.jpg,/Users/vijay/462/Project/ad_safety_pipeline/raw/compliant_general/compliant_general_000095.jpg,compliant_general,0,val
compliant_general_000263.jpg,/Users/vijay/462/Project/ad_safety_pipeline/raw/compliant_general/compliant_general_000263.jpg,compliant_general,0,val
compliant_beverages_000068.jpg,/Users/vijay/462/Project/ad_safety_pipeline/raw/compliant_beverages/compliant_beverages_000068.jpg,compliant_beverages,0,val
alcohol_tobacco_000136.jpg,/Users/vijay/462/Project/ad_safety_pipeline/raw/alcohol_tobacco/alcohol_tobacco_000136.jpg,alcohol_tobacco,1,val
compliant_cutlery_000016.jpg,/Users/vijay/462/Project/ad_safety_pipeline/raw/compliant_cutlery/compliant_cutlery_000016.jpg,compliant_cutlery,0,val
compliant_general_000718.jpg,/Users/vijay/462/Project/ad_safety_pipeline/raw/compliant_general/compliant_general_000718.jpg,compliant_general,0,val
compliant_general_000169.jpg,/Users/vijay/462/Project/ad_safety_pipeline/raw/compliant_general/compliant_general_000169.jpg,compliant_general,0,val
compliant_general_000965.jpg,/Users/vijay/462/Project/ad_safety_pipeline/raw/compliant_general/compliant_general_000965.jpg,compliant_general,0,val
compliant_cutlery_000052.jpg,/Users/vijay/462/Project/ad_safety_pipeline/raw/compliant_cutlery/compliant_cutlery_000052.jpg,compliant_cutlery,0,val
compliant_general_000709.jpg,/Users/vijay/462/Project/ad_safety_pipeline/raw/compliant_general/compliant_general_000709.jpg,compliant_general,0,val
compliant_general_000117.jpg,/Users/vijay/462/Project/ad_safety_pipeline/raw/compliant_general/compliant_general_000117.jpg,compliant_general,0,val
compliant_general_000469.jpg,/Users/vijay/462/Project/ad_safety_pipeline/raw/compliant_general/compliant_general_000469.jpg,compliant_general,0,val
compliant_general_000706.jpg,/Users/vijay/462/Project/ad_safety_pipeline/raw/compliant_general/compliant_general_000706.jpg,compliant_general,0,val
alcohol_tobacco_000120.jpg,/Users/vijay/462/Project/ad_safety_pipeline/raw/alcohol_tobacco/alcohol_tobacco_000120.jpg,alcohol_tobacco,1,val
compliant_general_000079.jpg,/Users/vijay/462/Project/ad_safety_pipeline/raw/compliant_general/compliant_general_000079.jpg,compliant_general,0,val
compliant_general_000105.jpg,/Users/vijay/462/Project/ad_safety_pipeline/raw/compliant_general/compliant_general_000105.jpg,compliant_general,0,val
compliant_general_000616.jpg,/Users/vijay/462/Project/ad_safety_pipeline/raw/compliant_general/compliant_general_000616.jpg,compliant_general,0,val
compliant_general_000528.jpg,/Users/vijay/462/Project/ad_safety_pipeline/raw/compliant_general/compliant_general_000528.jpg,compliant_general,0,val
compliant_cutlery_000013.jpg,/Users/vijay/462/Project/ad_safety_pipeline/raw/compliant_cutlery/compliant_cutlery_000013.jpg,compliant_cutlery,0,val
compliant_general_000562.jpg,/Users/vijay/462/Project/ad_safety_pipeline/raw/compliant_general/compliant_general_000562.jpg,compliant_general,0,val
compliant_general_000118.jpg,/Users/vijay/462/Project/ad_safety_pipeline/raw/compliant_general/compliant_general_000118.jpg,compliant_general,0,val
compliant_beverages_000078.jpg,/Users/vijay/462/Project/ad_safety_pipeline/raw/compliant_beverages/compliant_beverages_000078.jpg,compliant_beverages,0,val
compliant_general_000670.jpg,/Users/vijay/462/Project/ad_safety_pipeline/raw/compliant_general/compliant_general_000670.jpg,compliant_general,0,val
weapon_000059.jpg,/Users/vijay/462/Project/ad_safety_pipeline/raw/weapon/weapon_000059.jpg,weapon,1,val
weapon_000058.jpg,/Users/vijay/462/Project/ad_safety_pipeline/raw/weapon/weapon_000058.jpg,weapon,1,val
compliant_general_000699.jpg,/Users/vijay/462/Project/ad_safety_pipeline/raw/compliant_general/compliant_general_000699.jpg,compliant_general,0,val
compliant_general_000973.jpg,/Users/vijay/462/Project/ad_safety_pipeline/raw/compliant_general/compliant_general_000973.jpg,compliant_general,0,test
alcohol_tobacco_000097.jpg,/Users/vijay/462/Project/ad_safety_pipeline/raw/alcohol_tobacco/alcohol_tobacco_000097.jpg,alcohol_tobacco,1,test
compliant_general_000967.jpg,/Users/vijay/462/Project/ad_safety_pipeline/raw/compliant_general/compliant_general_000967.jpg,compliant_general,0,test
alcohol_tobacco_000133.jpg,/Users/vijay/462/Project/ad_safety_pipeline/raw/alcohol_tobacco/alcohol_tobacco_000133.jpg,alcohol_tobacco,1,test
compliant_general_000629.jpg,/Users/vijay/462/Project/ad_safety_pipeline/raw/compliant_general/compliant_general_000629.jpg,compliant_general,0,test
weapon_000056.jpg,/Users/vijay/462/Project/ad_safety_pipeline/raw/weapon/weapon_000056.jpg,weapon,1,test
alcohol_tobacco_000150.jpg,/Users/vijay/462/Project/ad_safety_pipeline/raw/alcohol_tobacco/alcohol_tobacco_000150.jpg,alcohol_tobacco,1,test
compliant_general_000716.jpg,/Users/vijay/462/Project/ad_safety_pipeline/raw/compliant_general/compliant_general_000716.jpg,compliant_general,0,test
compliant_general_000594.jpg,/Users/vijay/462/Project/ad_safety_pipeline/raw/compliant_general/compliant_general_000594.jpg,compliant_general,0,test
compliant_cutlery_000054.jpg,/Users/vijay/462/Project/ad_safety_pipeline/raw/compliant_cutlery/compliant_cutlery_000054.jpg,compliant_cutlery,0,test
compliant_general_000772.jpg,/Users/vijay/462/Project/ad_safety_pipeline/raw/compliant_general/compliant_general_000772.jpg,compliant_general,0,test
compliant_general_000940.jpg,/Users/vijay/462/Project/ad_safety_pipeline/raw/compliant_general/compliant_general_000940.jpg,compliant_general,0,test
alcohol_tobacco_000087.jpg,/Users/vijay/462/Project/ad_safety_pipeline/raw/alcohol_tobacco/alcohol_tobacco_000087.jpg,alcohol_tobacco,1,test
compliant_beverages_000132.jpg,/Users/vijay/462/Project/ad_safety_pipeline/raw/compliant_beverages/compliant_beverages_000132.jpg,compliant_beverages,0,test
weapon_000032.jpg,/Users/vijay/462/Project/ad_safety_pipeline/raw/weapon/weapon_000032.jpg,weapon,1,test
compliant_general_000428.jpg,/Users/vijay/462/Project/ad_safety_pipeline/raw/compliant_general/compliant_general_000428.jpg,compliant_general,0,test
compliant_general_000948.jpg,/Users/vijay/462/Project/ad_safety_pipeline/raw/compliant_general/compliant_general_000948.jpg,compliant_general,0,test
compliant_general_000901.jpg,/Users/vijay/462/Project/ad_safety_pipeline/raw/compliant_general/compliant_general_000901.jpg,compliant_general,0,test
compliant_general_000284.jpg,/Users/vijay/462/Project/ad_safety_pipeline/raw/compliant_general/compliant_general_000284.jpg,compliant_general,0,test
compliant_general_000119.jpg,/Users/vijay/462/Project/ad_safety_pipeline/raw/compliant_general/compliant_general_000119.jpg,compliant_general,0,test
compliant_general_000976.jpg,/Users/vijay/462/Project/ad_safety_pipeline/raw/compliant_general/compliant_general_000976.jpg,compliant_general,0,test
compliant_general_000982.jpg,/Users/vijay/462/Project/ad_safety_pipeline/raw/compliant_general/compliant_general_000982.jpg,compliant_general,0,test
compliant_general_000929.jpg,/Users/vijay/462/Project/ad_safety_pipeline/raw/compliant_general/compliant_general_000929.jpg,compliant_general,0,test
compliant_general_000042.jpg,/Users/vijay/462/Project/ad_safety_pipeline/raw/compliant_general/compliant_general_000042.jpg,compliant_general,0,test
compliant_general_000472.jpg,/Users/vijay/462/Project/ad_safety_pipeline/raw/compliant_general/compliant_general_000472.jpg,compliant_general,0,test
compliant_general_000397.jpg,/Users/vijay/462/Project/ad_safety_pipeline/raw/compliant_general/compliant_general_000397.jpg,compliant_general,0,test
compliant_general_000316.jpg,/Users/vijay/462/Project/ad_safety_pipeline/raw/compliant_general/compliant_general_000316.jpg,compliant_general,0,test
compliant_general_000598.jpg,/Users/vijay/462/Project/ad_safety_pipeline/raw/compliant_general/compliant_general_000598.jpg,compliant_general,0,test
compliant_general_000999.jpg,/Users/vijay/462/Project/ad_safety_pipeline/raw/compliant_general/compliant_general_000999.jpg,compliant_general,0,test
compliant_general_000297.jpg,/Users/vijay/462/Project/ad_safety_pipeline/raw/compliant_general/compliant_general_000297.jpg,compliant_general,0,test
compliant_general_000995.jpg,/Users/vijay/462/Project/ad_safety_pipeline/raw/compliant_general/compliant_general_000995.jpg,compliant_general,0,test
weapon_000107.jpg,/Users/vijay/462/Project/ad_safety_pipeline/raw/weapon/weapon_000107.jpg,weapon,1,test
compliant_general_000635.jpg,/Users/vijay/462/Project/ad_safety_pipeline/raw/compliant_general/compliant_general_000635.jpg,compliant_general,0,test
compliant_beverages_000125.jpg,/Users/vijay/462/Project/ad_safety_pipeline/raw/compliant_beverages/compliant_beverages_000125.jpg,compliant_beverages,0,test
compliant_general_000578.jpg,/Users/vijay/462/Project/ad_safety_pipeline/raw/compliant_general/compliant_general_000578.jpg,compliant_general,0,test
compliant_general_000893.jpg,/Users/vijay/462/Project/ad_safety_pipeline/raw/compliant_general/compliant_general_000893.jpg,compliant_general,0,test
compliant_general_000197.jpg,/Users/vijay/462/Project/ad_safety_pipeline/raw/compliant_general/compliant_general_000197.jpg,compliant_general,0,test
compliant_general_000330.jpg,/Users/vijay/462/Project/ad_safety_pipeline/raw/compliant_general/compliant_general_000330.jpg,compliant_general,0,test
compliant_beverages_000004.jpg,/Users/vijay/462/Project/ad_safety_pipeline/raw/compliant_beverages/compliant_beverages_000004.jpg,compliant_beverages,0,test
compliant_general_000030.jpg,/Users/vijay/462/Project/ad_safety_pipeline/raw/compliant_general/compliant_general_000030.jpg,compliant_general,0,test
compliant_general_000773.jpg,/Users/vijay/462/Project/ad_safety_pipeline/raw/compliant_general/compliant_general_000773.jpg,compliant_general,0,test
compliant_cutlery_000020.jpg,/Users/vijay/462/Project/ad_safety_pipeline/raw/compliant_cutlery/compliant_cutlery_000020.jpg,compliant_cutlery,0,test
compliant_general_000759.jpg,/Users/vijay/462/Project/ad_safety_pipeline/raw/compliant_general/compliant_general_000759.jpg,compliant_general,0,test
compliant_general_000138.jpg,/Users/vijay/462/Project/ad_safety_pipeline/raw/compliant_general/compliant_general_000138.jpg,compliant_general,0,test
compliant_general_000877.jpg,/Users/vijay/462/Project/ad_safety_pipeline/raw/compliant_general/compliant_general_000877.jpg,compliant_general,0,test
weapon_000067.jpg,/Users/vijay/462/Project/ad_safety_pipeline/raw/weapon/weapon_000067.jpg,weapon,1,test
compliant_general_000350.jpg,/Users/vijay/462/Project/ad_safety_pipeline/raw/compliant_general/compliant_general_000350.jpg,compliant_general,0,test
compliant_general_000902.jpg,/Users/vijay/462/Project/ad_safety_pipeline/raw/compliant_general/compliant_general_000902.jpg,compliant_general,0,test
compliant_beverages_000117.jpg,/Users/vijay/462/Project/ad_safety_pipeline/raw/compliant_beverages/compliant_beverages_000117.jpg,compliant_beverages,0,test
compliant_general_000487.jpg,/Users/vijay/462/Project/ad_safety_pipeline/raw/compliant_general/compliant_general_000487.jpg,compliant_general,0,test
compliant_beverages_000007.jpg,/Users/vijay/462/Project/ad_safety_pipeline/raw/compliant_beverages/compliant_beverages_000007.jpg,compliant_beverages,0,test
alcohol_tobacco_000057.jpg,/Users/vijay/462/Project/ad_safety_pipeline/raw/alcohol_tobacco/alcohol_tobacco_000057.jpg,alcohol_tobacco,1,test
compliant_general_000122.jpg,/Users/vijay/462/Project/ad_safety_pipeline/raw/compliant_general/compliant_general_000122.jpg,compliant_general,0,test
compliant_cutlery_000060.jpg,/Users/vijay/462/Project/ad_safety_pipeline/raw/compliant_cutlery/compliant_cutlery_000060.jpg,compliant_cutlery,0,test
compliant_general_000155.jpg,/Users/vijay/462/Project/ad_safety_pipeline/raw/compliant_general/compliant_general_000155.jpg,compliant_general,0,test
compliant_general_000732.jpg,/Users/vijay/462/Project/ad_safety_pipeline/raw/compliant_general/compliant_general_000732.jpg,compliant_general,0,test
alcohol_tobacco_000012.jpg,/Users/vijay/462/Project/ad_safety_pipeline/raw/alcohol_tobacco/alcohol_tobacco_000012.jpg,alcohol_tobacco,1,test
compliant_general_000897.jpg,/Users/vijay/462/Project/ad_safety_pipeline/raw/compliant_general/compliant_general_000897.jpg,compliant_general,0,test
compliant_general_000782.jpg,/Users/vijay/462/Project/ad_safety_pipeline/raw/compliant_general/compliant_general_000782.jpg,compliant_general,0,test
compliant_beverages_000107.jpg,/Users/vijay/462/Project/ad_safety_pipeline/raw/compliant_beverages/compliant_beverages_000107.jpg,compliant_beverages,0,test
compliant_cutlery_000034.jpg,/Users/vijay/462/Project/ad_safety_pipeline/raw/compliant_cutlery/compliant_cutlery_000034.jpg,compliant_cutlery,0,test
compliant_general_000441.jpg,/Users/vijay/462/Project/ad_safety_pipeline/raw/compliant_general/compliant_general_000441.jpg,compliant_general,0,test
compliant_beverages_000128.jpg,/Users/vijay/462/Project/ad_safety_pipeline/raw/compliant_beverages/compliant_beverages_000128.jpg,compliant_beverages,0,test
compliant_general_000617.jpg,/Users/vijay/462/Project/ad_safety_pipeline/raw/compliant_general/compliant_general_000617.jpg,compliant_general,0,test
alcohol_tobacco_000017.jpg,/Users/vijay/462/Project/ad_safety_pipeline/raw/alcohol_tobacco/alcohol_tobacco_000017.jpg,alcohol_tobacco,1,test
alcohol_tobacco_000092.jpg,/Users/vijay/462/Project/ad_safety_pipeline/raw/alcohol_tobacco/alcohol_tobacco_000092.jpg,alcohol_tobacco,1,test
alcohol_tobacco_000073.jpg,/Users/vijay/462/Project/ad_safety_pipeline/raw/alcohol_tobacco/alcohol_tobacco_000073.jpg,alcohol_tobacco,1,test
compliant_general_000990.jpg,/Users/vijay/462/Project/ad_safety_pipeline/raw/compliant_general/compliant_general_000990.jpg,compliant_general,0,test
weapon_000049.jpg,/Users/vijay/462/Project/ad_safety_pipeline/raw/weapon/weapon_000049.jpg,weapon,1,test
compliant_general_000038.jpg,/Users/vijay/462/Project/ad_safety_pipeline/raw/compliant_general/compliant_general_000038.jpg,compliant_general,0,test
weapon_000023.jpg,/Users/vijay/462/Project/ad_safety_pipeline/raw/weapon/weapon_000023.jpg,weapon,1,test
compliant_general_000268.jpg,/Users/vijay/462/Project/ad_safety_pipeline/raw/compliant_general/compliant_general_000268.jpg,compliant_general,0,test
compliant_beverages_000072.jpg,/Users/vijay/462/Project/ad_safety_pipeline/raw/compliant_beverages/compliant_beverages_000072.jpg,compliant_beverages,0,test
compliant_beverages_000011.jpg,/Users/vijay/462/Project/ad_safety_pipeline/raw/compliant_beverages/compliant_beverages_000011.jpg,compliant_beverages,0,test
compliant_cutlery_000007.jpg,/Users/vijay/462/Project/ad_safety_pipeline/raw/compliant_cutlery/compliant_cutlery_000007.jpg,compliant_cutlery,0,test
compliant_general_000924.jpg,/Users/vijay/462/Project/ad_safety_pipeline/raw/compliant_general/compliant_general_000924.jpg,compliant_general,0,test
alcohol_tobacco_000128.jpg,/Users/vijay/462/Project/ad_safety_pipeline/raw/alcohol_tobacco/alcohol_tobacco_000128.jpg,alcohol_tobacco,1,test
alcohol_tobacco_000126.jpg,/Users/vijay/462/Project/ad_safety_pipeline/raw/alcohol_tobacco/alcohol_tobacco_000126.jpg,alcohol_tobacco,1,test
compliant_cutlery_000019.jpg,/Users/vijay/462/Project/ad_safety_pipeline/raw/compliant_cutlery/compliant_cutlery_000019.jpg,compliant_cutlery,0,test
compliant_general_000904.jpg,/Users/vijay/462/Project/ad_safety_pipeline/raw/compliant_general/compliant_general_000904.jpg,compliant_general,0,test
weapon_000101.jpg,/Users/vijay/462/Project/ad_safety_pipeline/raw/weapon/weapon_000101.jpg,weapon,1,test
compliant_general_000547.jpg,/Users/vijay/462/Project/ad_safety_pipeline/raw/compliant_general/compliant_general_000547.jpg,compliant_general,0,test
weapon_000051.jpg,/Users/vijay/462/Project/ad_safety_pipeline/raw/weapon/weapon_000051.jpg,weapon,1,test
alcohol_tobacco_000030.jpg,/Users/vijay/462/Project/ad_safety_pipeline/raw/alcohol_tobacco/alcohol_tobacco_000030.jpg,alcohol_tobacco,1,test
compliant_beverages_000075.jpg,/Users/vijay/462/Project/ad_safety_pipeline/raw/compliant_beverages/compliant_beverages_000075.jpg,compliant_beverages,0,test
alcohol_tobacco_000013.jpg,/Users/vijay/462/Project/ad_safety_pipeline/raw/alcohol_tobacco/alcohol_tobacco_000013.jpg,alcohol_tobacco,1,test
alcohol_tobacco_000004.jpg,/Users/vijay/462/Project/ad_safety_pipeline/raw/alcohol_tobacco/alcohol_tobacco_000004.jpg,alcohol_tobacco,1,test
compliant_beverages_000013.jpg,/Users/vijay/462/Project/ad_safety_pipeline/raw/compliant_beverages/compliant_beverages_000013.jpg,compliant_beverages,0,test
alcohol_tobacco_000160.jpg,/Users/vijay/462/Project/ad_safety_pipeline/raw/alcohol_tobacco/alcohol_tobacco_000160.jpg,alcohol_tobacco,1,test
compliant_general_000390.jpg,/Users/vijay/462/Project/ad_safety_pipeline/raw/compliant_general/compliant_general_000390.jpg,compliant_general,0,test
alcohol_tobacco_000052.jpg,/Users/vijay/462/Project/ad_safety_pipeline/raw/alcohol_tobacco/alcohol_tobacco_000052.jpg,alcohol_tobacco,1,test
compliant_general_000286.jpg,/Users/vijay/462/Project/ad_safety_pipeline/raw/compliant_general/compliant_general_000286.jpg,compliant_general,0,test
compliant_general_000652.jpg,/Users/vijay/462/Project/ad_safety_pipeline/raw/compliant_general/compliant_general_000652.jpg,compliant_general,0,test
compliant_general_000276.jpg,/Users/vijay/462/Project/ad_safety_pipeline/raw/compliant_general/compliant_general_000276.jpg,compliant_general,0,test
compliant_beverages_000139.jpg,/Users/vijay/462/Project/ad_safety_pipeline/raw/compliant_beverages/compliant_beverages_000139.jpg,compliant_beverages,0,test
compliant_general_000702.jpg,/Users/vijay/462/Project/ad_safety_pipeline/raw/compliant_general/compliant_general_000702.jpg,compliant_general,0,test
alcohol_tobacco_000163.jpg,/Users/vijay/462/Project/ad_safety_pipeline/raw/alcohol_tobacco/alcohol_tobacco_000163.jpg,alcohol_tobacco,1,test
compliant_general_000389.jpg,/Users/vijay/462/Project/ad_safety_pipeline/raw/compliant_general/compliant_general_000389.jpg,compliant_general,0,test
compliant_general_000553.jpg,/Users/vijay/462/Project/ad_safety_pipeline/raw/compliant_general/compliant_general_000553.jpg,compliant_general,0,test
compliant_beverages_000108.jpg,/Users/vijay/462/Project/ad_safety_pipeline/raw/compliant_beverages/compliant_beverages_000108.jpg,compliant_beverages,0,test
compliant_general_000734.jpg,/Users/vijay/462/Project/ad_safety_pipeline/raw/compliant_general/compliant_general_000734.jpg,compliant_general,0,test
compliant_general_000696.jpg,/Users/vijay/462/Project/ad_safety_pipeline/raw/compliant_general/compliant_general_000696.jpg,compliant_general,0,test
compliant_general_000385.jpg,/Users/vijay/462/Project/ad_safety_pipeline/raw/compliant_general/compliant_general_000385.jpg,compliant_general,0,test
compliant_general_000165.jpg,/Users/vijay/462/Project/ad_safety_pipeline/raw/compliant_general/compliant_general_000165.jpg,compliant_general,0,test
compliant_general_000781.jpg,/Users/vijay/462/Project/ad_safety_pipeline/raw/compliant_general/compliant_general_000781.jpg,compliant_general,0,test
weapon_000030.jpg,/Users/vijay/462/Project/ad_safety_pipeline/raw/weapon/weapon_000030.jpg,weapon,1,test
compliant_beverages_000026.jpg,/Users/vijay/462/Project/ad_safety_pipeline/raw/compliant_beverages/compliant_beverages_000026.jpg,compliant_beverages,0,test
compliant_general_000302.jpg,/Users/vijay/462/Project/ad_safety_pipeline/raw/compliant_general/compliant_general_000302.jpg,compliant_general,0,test
compliant_general_000686.jpg,/Users/vijay/462/Project/ad_safety_pipeline/raw/compliant_general/compliant_general_000686.jpg,compliant_general,0,test
compliant_cutlery_000042.jpg,/Users/vijay/462/Project/ad_safety_pipeline/raw/compliant_cutlery/compliant_cutlery_000042.jpg,compliant_cutlery,0,test
compliant_general_000226.jpg,/Users/vijay/462/Project/ad_safety_pipeline/raw/compliant_general/compliant_general_000226.jpg,compliant_general,0,test
compliant_general_000870.jpg,/Users/vijay/462/Project/ad_safety_pipeline/raw/compliant_general/compliant_general_000870.jpg,compliant_general,0,test
compliant_general_000453.jpg,/Users/vijay/462/Project/ad_safety_pipeline/raw/compliant_general/compliant_general_000453.jpg,compliant_general,0,test
compliant_general_000393.jpg,/Users/vijay/462/Project/ad_safety_pipeline/raw/compliant_general/compliant_general_000393.jpg,compliant_general,0,test
compliant_general_000618.jpg,/Users/vijay/462/Project/ad_safety_pipeline/raw/compliant_general/compliant_general_000618.jpg,compliant_general,0,test
compliant_general_000504.jpg,/Users/vijay/462/Project/ad_safety_pipeline/raw/compliant_general/compliant_general_000504.jpg,compliant_general,0,test
compliant_general_000111.jpg,/Users/vijay/462/Project/ad_safety_pipeline/raw/compliant_general/compliant_general_000111.jpg,compliant_general,0,test
compliant_general_000776.jpg,/Users/vijay/462/Project/ad_safety_pipeline/raw/compliant_general/compliant_general_000776.jpg,compliant_general,0,test
alcohol_tobacco_000178.jpg,/Users/vijay/462/Project/ad_safety_pipeline/raw/alcohol_tobacco/alcohol_tobacco_000178.jpg,alcohol_tobacco,1,test
compliant_general_000176.jpg,/Users/vijay/462/Project/ad_safety_pipeline/raw/compliant_general/compliant_general_000176.jpg,compliant_general,0,test
compliant_general_000181.jpg,/Users/vijay/462/Project/ad_safety_pipeline/raw/compliant_general/compliant_general_000181.jpg,compliant_general,0,test
compliant_general_000588.jpg,/Users/vijay/462/Project/ad_safety_pipeline/raw/compliant_general/compliant_general_000588.jpg,compliant_general,0,test
compliant_general_000943.jpg,/Users/vijay/462/Project/ad_safety_pipeline/raw/compliant_general/compliant_general_000943.jpg,compliant_general,0,test
compliant_general_000147.jpg,/Users/vijay/462/Project/ad_safety_pipeline/raw/compliant_general/compliant_general_000147.jpg,compliant_general,0,test
alcohol_tobacco_000148.jpg,/Users/vijay/462/Project/ad_safety_pipeline/raw/alcohol_tobacco/alcohol_tobacco_000148.jpg,alcohol_tobacco,1,test
compliant_beverages_000066.jpg,/Users/vijay/462/Project/ad_safety_pipeline/raw/compliant_beverages/compliant_beverages_000066.jpg,compliant_beverages,0,test
compliant_beverages_000073.jpg,/Users/vijay/462/Project/ad_safety_pipeline/raw/compliant_beverages/compliant_beverages_000073.jpg,compliant_beverages,0,test
compliant_general_000569.jpg,/Users/vijay/462/Project/ad_safety_pipeline/raw/compliant_general/compliant_general_000569.jpg,compliant_general,0,test
compliant_beverages_000076.jpg,/Users/vijay/462/Project/ad_safety_pipeline/raw/compliant_beverages/compliant_beverages_000076.jpg,compliant_beverages,0,test
alcohol_tobacco_000122.jpg,/Users/vijay/462/Project/ad_safety_pipeline/raw/alcohol_tobacco/alcohol_tobacco_000122.jpg,alcohol_tobacco,1,test
compliant_general_000846.jpg,/Users/vijay/462/Project/ad_safety_pipeline/raw/compliant_general/compliant_general_000846.jpg,compliant_general,0,test
compliant_general_000247.jpg,/Users/vijay/462/Project/ad_safety_pipeline/raw/compliant_general/compliant_general_000247.jpg,compliant_general,0,test
compliant_beverages_000069.jpg,/Users/vijay/462/Project/ad_safety_pipeline/raw/compliant_beverages/compliant_beverages_000069.jpg,compliant_beverages,0,test
compliant_general_000186.jpg,/Users/vijay/462/Project/ad_safety_pipeline/raw/compliant_general/compliant_general_000186.jpg,compliant_general,0,test
compliant_general_000234.jpg,/Users/vijay/462/Project/ad_safety_pipeline/raw/compliant_general/compliant_general_000234.jpg,compliant_general,0,test
compliant_general_000645.jpg,/Users/vijay/462/Project/ad_safety_pipeline/raw/compliant_general/compliant_general_000645.jpg,compliant_general,0,test
compliant_general_000705.jpg,/Users/vijay/462/Project/ad_safety_pipeline/raw/compliant_general/compliant_general_000705.jpg,compliant_general,0,test
compliant_general_000184.jpg,/Users/vijay/462/Project/ad_safety_pipeline/raw/compliant_general/compliant_general_000184.jpg,compliant_general,0,test
compliant_general_000168.jpg,/Users/vijay/462/Project/ad_safety_pipeline/raw/compliant_general/compliant_general_000168.jpg,compliant_general,0,test
compliant_general_000565.jpg,/Users/vijay/462/Project/ad_safety_pipeline/raw/compliant_general/compliant_general_000565.jpg,compliant_general,0,test
compliant_beverages_000097.jpg,/Users/vijay/462/Project/ad_safety_pipeline/raw/compliant_beverages/compliant_beverages_000097.jpg,compliant_beverages,0,test
compliant_general_000033.jpg,/Users/vijay/462/Project/ad_safety_pipeline/raw/compliant_general/compliant_general_000033.jpg,compliant_general,0,test
compliant_beverages_000027.jpg,/Users/vijay/462/Project/ad_safety_pipeline/raw/compliant_beverages/compliant_beverages_000027.jpg,compliant_beverages,0,test
compliant_beverages_000110.jpg,/Users/vijay/462/Project/ad_safety_pipeline/raw/compliant_beverages/compliant_beverages_000110.jpg,compliant_beverages,0,test
compliant_general_000820.jpg,/Users/vijay/462/Project/ad_safety_pipeline/raw/compliant_general/compliant_general_000820.jpg,compliant_general,0,test
alcohol_tobacco_000125.jpg,/Users/vijay/462/Project/ad_safety_pipeline/raw/alcohol_tobacco/alcohol_tobacco_000125.jpg,alcohol_tobacco,1,test
compliant_general_000685.jpg,/Users/vijay/462/Project/ad_safety_pipeline/raw/compliant_general/compliant_general_000685.jpg,compliant_general,0,test
compliant_general_000981.jpg,/Users/vijay/462/Project/ad_safety_pipeline/raw/compliant_general/compliant_general_000981.jpg,compliant_general,0,test
compliant_general_000208.jpg,/Users/vijay/462/Project/ad_safety_pipeline/raw/compliant_general/compliant_general_000208.jpg,compliant_general,0,test
compliant_general_000300.jpg,/Users/vijay/462/Project/ad_safety_pipeline/raw/compliant_general/compliant_general_000300.jpg,compliant_general,0,test
